OBJECTID,Projects,Ward,Units,Year Built,Address,City,State,Zipcode,Management Company,Property Manager Contact,Sponsored By,Sponsory Contact,Bondholder,Loan Status (Bonds Redeemed / Active / Recently Converted),Risk Share / Non Risk Share,Renovation / New Construction Year,Building Type,Construction Type,Occupancy Type,Subsidized Programs,Loan Closing Date,Original Loan Balance,Maturity Date,Compliance Period End Date,Asset Manager,MAR_LATITUDE,MAR_LONGITUDE,MARID,GlobalID,EditDate,x,y
1,1100 Eastern Ave ,Ward 7,63,2020,1100 Eastern Ave ,Washington,DC,20019,Residential One,"Louis Sigalas 301-939-4488, lsigalas@res1.net","1100 Eastern LLC,",Michael Giulioni 202-567-3215,JPMORGAN CHASE BANK NA,Under Construction,Non Risk Share,2020,Mid Rise 5 Floors ,New Construction,"Residential, Homeless 100 @ 50% AMI or less",PSH,2/19/2020 12:00:00 AM,13900000,2/19/2050,2/15/2035 12:00:00 AM,Sidney,38.90413742,-76.92417882,74597,91b76e76-bd8d-40c4-ad9c-51cb6b2ba648,10/13/2022 8:33:29 PM,406576.836719193,137366.454816217
2,1164 Bladensburg Road,Ward 5,65,2018,1164 Bladensburg Road,Washington,DC,20002,Residential One,Jibi George ,Neighborhood Development Company,Taylor Stout 202-567-3202,JPMORGAN CHASE BANK NA,Under Construction,Non Risk Share,2019,Mid Rise 5 Floors ,New Construction,Seniors 55+ 100 @ 50% AMI or less,LRSP,1/11/2018 12:00:00 AM,11100000,7/1/2038,1/7/2033 12:00:00 AM,Sidney,38.90517571,-76.98037736,155908,744841db-3620-4613-8e39-a1ef2a82fda0,10/13/2022 8:33:29 PM,401702.217868339,137479.165271034
3,1330 7th Street ,Ward 2,136,1974,"1330 7th Street, NW",Washington,DC,20001,"Enterprise Residential, LLC",Jay Wilson ,"Community Preservation and Development Corporation 1330 7th Street, Inc.",,,Redeemed,Risk Share ,2004,High Rise,,Residential Families 100 @ 60% AMI or less,,1/30/2004 12:00:00 AM,13240000,,1/26/2019 12:00:00 AM,Clarence,38.90811789,-77.0221966,238401,d5fcaa76-64e7-4e63-aa5c-a4a7d9721a2b,10/13/2022 8:33:29 PM,398074.998756778,137805.822370158
4,1530 First Street - MDXL,Ward 6,101,2021,"1530 First Street, SW",Washington,DC,20024,TM Associates,,"TM Associates, Inc.",,,Under Construction,Risk Share ,2021,High Rise 12 Floors,New Construction,Residential Families 20% @30%  & 80% @ 50% AMI,UBO to provide Tenant Services/ ,9/29/2021 12:00:00 AM,33350000,,9/25/2036 12:00:00 AM,Sidney,38.87122617,-77.01179193,61232,13f55764-bcfd-407f-804f-e38dacb36dab,10/13/2022 8:33:29 PM,398976.908048537,133710.386013373
5,1550 First Street,Ward 6,76,2019,"1550 First Street, SW ",Washington ,DC,20024,TM Associates,"Matt Melnick, mmelnick@tmamgroup.com","TM Associates, Inc.",Tim Barila 240-428-7799 ext.116,CEDE & CO,Under Construction,Non Risk Share,2019,High Rise 11 Floors,New Construction,Residential Families 100 @ 50% AMI or less,"LRSP, PSH, UFAS",11/21/2019 12:00:00 AM,21600000,,11/17/2034 12:00:00 AM,Sidney,38.87097654,-77.01188638,60745,3f02957c-b95e-400e-942d-f01620cb6a17,10/13/2022 8:33:29 PM,398968.708178746,133682.676291269
6,17 Mississippi Ave ,Ward 8,41,2021,17 Mississippi Avenue SE,Washington,DC,20032,TM Associates,,The NHP Foundation,,Citibank,Under Construction,Non Risk Share,2020,Mid Rise 4 Floors,New Construction,Residential Families 20% @ 30% & 80% @ 50% AMI,9 PSH Units/Community Connections (“CC”) - Tenant Services,8/6/2021 12:00:00 AM,10300000,,8/2/2036 12:00:00 AM,Sidney,38.83183787,-77.00703263,57948,be5a6d1e-7d75-48c9-99c6-0aba08975750,10/13/2022 8:33:29 PM,399389.577626947,129337.963591933
7,1736 Rhode Island avenue,Ward 5,61,2019,1736 Rhode Island avenue,Washington ,DC,20018,Residential One,"Loretta Gaegler, lgaegler@res1.net",Lock 7,Chris Rascher chris@lock7.com,JPMORGAN CHASE BANK NA,Under Construction,Non Risk Share,2019,Low Rise 4 Floors,Acquisition / New Construction,"Residential, Seniors 100 @ 50% AMI or less","LRSP, PSH, UFAS",5/30/2019 12:00:00 AM,12200000,12/1/2039,5/26/2034 12:00:00 AM,Sidney,38.92775973,-76.97955936,56748,3adca3d3-aae2-4f77-9f50-ec36c852129c,10/13/2022 8:33:29 PM,401772.607890416,139986.19503287
8,218 Vine Street,Ward 4,129,2021,"218 Vine Street NW,",Washington,DC,20012,Winn Residential,,Jair Lynch Real Estate Partners,,Freddie Mac/ Wells Fargo,Under Construction,Non Risk Share,2020,Mid Rise 4 Floors,New Construction,"10% @ 60%, 20% @30%, & 70% @ 50% AMI",Housing Up to provide Tenants services/ PSH units ,12/22/2020 12:00:00 AM,21500000,,12/19/2035 12:00:00 AM,Sidney,38.97374251,-77.01605612,300685,88b66e7a-4dc0-4ffd-ba4a-dab6ff82ad55,10/13/2022 8:33:29 PM,398608.868447856,145090.623706673
9,"2321 4th Street, NE",Ward 5,116,2016,"2321 4th Street, NE",Washington,DC,20002,E & G,"Carlos Rios 571-488-6683, crios@eandggroup.com","2321 4th Street, LLC, ",Carlos Rios 571-488-6683,BANC OF AMERICA PUBLIC CAPITAL,Active,Non Risk Share,2014,Mid Rise 5 Floors ,New Construction,Residential Families 100 @ 60% AMI or less,HAP Contract,10/21/2014 12:00:00 AM,15500000,10/1/2046,10/17/2029 12:00:00 AM,Clarence,38.92070791,-77.00009617,289738,eeb92e61-29ab-4d21-8627-87867d6be7be,10/13/2022 8:33:29 PM,399991.858400732,139203.184789055
10,2442 MLK Apartments ,Ward 8,112,2021,"2442 Martin Luther King Jr. Avenue SE, Washington, DC 20020",Washington,DC,20020,Residential One,,MidAtlantic Realty Partners,,JP Morgan Chase,Under Construction,Non Risk Share,2021,Mid Rise 5 Floors,New Construction,Residential Families 5% @ 30% & 95% @ 50% AMI,Community Connections - Tenant Services/ LRSP,1/19/2021 12:00:00 AM,27000000,,1/16/2036 12:00:00 AM,Sidney,38.86181035,-76.99324994,331211,311acfd7-57fa-45a6-9b4c-ae9620f77e87,10/13/2022 8:33:29 PM,400586.037624919,132665.116349499
11,555 E Street Seniors,Ward 6,58,2018,555 E Street,Washington,DC,20024,Bozzuto,"Lisa Halliwill 301-623-1577, lhalliwill@bozzuto.com",555 E Street SW Seniors LLC,"Rich Jordan ,rjordan@potomacinvestment.com","CITIBANK, N.A.",Under Construction,Non Risk Share,2018,High Rise 10 Floors,New Construction,Seniors 55+ 30% @ 50% AMI or less and 70% Market Rate ,"LRSP, PSH",12/15/2018 12:00:00 AM,12000000,1/1/2039,12/11/2033 12:00:00 AM,Sidney,38.88340901,-77.01941553,316452,b8e10d61-8597-4151-b81e-950ac0aa865f,10/13/2022 8:33:29 PM,398315.628581572,135062.886314787
12,636 Cooperative Apts.,Ward 6,16,1947,"636 12th Street, NE",Washington,DC,20002,Vision Realty,"Mario Lloyde 443-804-3300, mario@visionrealtymgt.com","Greater Washington Mutual Housing Association, Inc. ",Anna Perez 202-271-4763,,Active,Risk Share ,2002,Garden 3 Floor,Acquisition / Rehab,Residential Families 40 @ 60% AMI,,6/1/2000 12:00:00 AM,610000,,5/29/2015 12:00:00 AM,Clarence,38.8983742,-76.99061073,2323,96540a95-3639-4a04-ae4c-ca33ef4be9f3,10/13/2022 8:33:29 PM,400814.678041677,136724.002032642
13,Ainger Place,Ward 8,72,,"2412 Ainger Place, SE",Washington,DC,20020,The Micheals Organization,"Richard White, rwhite@tmo.com",The Michaels Development Company ,"Michael O'Shea, moshea@tmo.com",CEDE & CO,UC,NR,,LR3,NC,"Residential, Homeless, 100 @ 50%AMI","LRSP, PSH, UFAS ",10/25/2018 12:00:00 AM,13750000,11/1/2021,10/21/2033 12:00:00 AM,Clarence,38.85695835,-76.97105784,287032,87e83e53-e05a-4c4d-9929-c256dd0e4bec,10/14/2022 2:32:09 PM,402512.267040019,132126.885859227
14,Alabama Avenue (Roundtree Residence),Ward 8,91,2012,"2515 Alabama Avenue, SE",Washington,DC,20020,CIH,April Baskin - abaskin@cihproperties.com,CIH Properties,"Kevin O'Malley, komalley@cihproperties.com",CEDE & CO,Active,Non Risk Share,2012,Mid Rise 4 Floors,New Construction,Seniors 55+ 100 @ 60% AMI or less,,10/27/2011 12:00:00 AM,5050000,1/1/2044,10/23/2026 12:00:00 AM,Clarence,38.85738743,-76.96906908,309359,a27df36f-1d48-429e-a8de-2a9f09d94687,10/13/2022 8:33:29 PM,402684.867676414,132174.57341714
15,Anacostia Gardens,Ward 7,100,2020,3600 Ely Pl. SE,Washington,DC,20019,Winn Residential,"Kareem Slater - Slater, Kareem <kslater@WINNCO.COM> & Ringgold, Stacy R <sringgold@winnco.com>",The NHP Foundation,"John Hoffer,202-312-2511, jhoffer@nhpfoundation.org",ALLIANZ LIFE INSURANCE COMPANY OF NORTH AMERICA,Under Construction,Non Risk Share,2020,Mid Rise 4 Floors,New Construction,Residential Families 100 @ 60% AMI or less,,1/7/2020 12:00:00 AM,13850000,,1/3/2035 12:00:00 AM,Clarence,38.88400505,-76.95458126,33069,e3356cfd-dd13-4397-8cc0-543e6dc3616b,10/13/2022 8:33:29 PM,403940.877517406,135129.852364004
16,Archer Park,Ward 8,190,2017,"1200 Mississippi Ave,  SE,",Washington,DC,20032,WC Smith,"Alison Ritz, aritz@wcsmith.com",WC Smith,"J. Harris , jharris@wcsmith.com",STI INSTITUTIONAL & GOVERNMENT INC,Active,Non Risk Share,2018,Mid Rise 5 Floors,New Construction,Residential Families 100 @ 60% AMI,"LRSP, HPF ",2/29/2016 12:00:00 AM,28285000,2/1/2019 - 2/1/2035,2/25/2031 12:00:00 AM,Clarence,38.83992453,-76.98951714,296061,45a72809-697d-4fef-91d4-c6403de002be,10/13/2022 8:33:29 PM,400910.28733114,130235.666445246
17,Arthur Capper - Phase I,Ward 8,162,2006,"900 5th Street, SE",Washington,DC,20003,Edgewood,"Sandy Thomas, sthomas@emcmgmt.com",Urban Atlantic / Forest City Residential,,,Redeemed,,2005,Mid Rise 5 Floors ,New Construction,Seniors 62+ 100 @ 60% AMI or less,ACC,12/1/2004 12:00:00 AM,9000000,,11/28/2019 12:00:00 AM,Clarence,38.87879424,-76.99919638,302625,0212270c-3d52-401a-877e-2f7f3a529b45,10/13/2022 8:33:29 PM,400069.927842335,134550.432790383
18,Arthur Capper II,Ward 8,138,2005,"900 5th Street, SE",Washington,DC,20003,Edgewood,"Sandy Thomas, sthomas@emcmgmt.com",Urban Atlantic / Forest City Residential,,,Redeemed,,,,New Construction,Seniors 62+ 100 @ 60% AMI or less,ACC,10/1/2005 12:00:00 AM,9070000,,9/27/2020 12:00:00 AM,Clarence,38.87879424,-76.99919638,302625,742090af-6326-40bd-bee8-10d8bcda3d45,10/13/2022 8:33:29 PM,400069.927842335,134550.432790383
19,Arthur Capper TH - Phase I,Ward 8,39,2009,"900 5th Street, SE",Washington,DC,20003,Edgewood,"Sandy Thomas, sthomas@emcmgmt.com",Urban Atlantic / Forest City Residential,,,Redeemed,,2008,Townhomes ,New Construction,Residential Families 100 @ 60% AMI or less,ACC,5/1/2008 12:00:00 AM,5000000,,4/28/2023 12:00:00 AM,Clarence,38.87879424,-76.99919638,302625,6c10fd96-c738-48eb-ad19-8caab793df2a,10/13/2022 8:33:29 PM,400069.927842335,134550.432790383
20,Arthur Capper TH - Phase II,Ward 8,47,2010,"900 5th Street, SE",Washington,DC,20003,Edgewood,"Sandy Thomas, sthomas@emcmgmt.com",Urban Atlantic / Forest City Residential,,,Redeemed,,2010,Townhomes,New Construction,Residential Families 100 @ 60% AMI or less,ACC,10/22/2010 12:00:00 AM,5700000,,10/18/2025 12:00:00 AM,Clarence,38.87879424,-76.99919638,302625,f46d3472-f653-40a2-8438-f8c6dfcf3739,10/13/2022 8:33:29 PM,400069.927842335,134550.432790383
21,Atlantic Gardens,Ward 8,108,1948,"4319 3rd St, SE",Washington,DC,20032,Winn Residential,Shernetta Hagans shagans@winnco.com (Senior Property Manager)  Risha Williams rkwilliams@winnco.com (Divisional Vice President),"WinnCompanies, LLC","Binh Ly, bly@winnco.com","CITIBANK, N.A.",Active,Non Risk Share,2018,Garden,Acquisition / Rehab,Residential Families 100 @ 60% AMI or less,HAP Contract,10/20/2015 12:00:00 AM,12600000,4/1/2049,10/16/2030 12:00:00 AM,Sidney,38.8282862,-77.00242033,295776,df36d3b7-aaae-41e4-b8f1-baf9d2fe377e,10/13/2022 8:33:29 PM,399790.038103747,128943.683733315
22,Atlantic Terrace,Ward 8,195,1944,"4319 3rd St SE,",Washington,DC,20032,Winn Residential,Shernetta Hagans shagans@winnco.com (Senior Property Manager)  Risha Williams rkwilliams@winnco.com (Divisional Vice President),"WinnCompanies, LLC","Binh Ly, bly@winnco.com","CITIBANK, N.A.",Active,Non Risk Share,2018,Garden,Acquisition / Rehab,Residential Families 100 @ 60% AMI or less,HAP Contract,10/20/2015 12:00:00 AM,19500000,4/1/2049,10/16/2030 12:00:00 AM,Sidney,38.8282862,-77.00242033,295776,a0a44903-1a52-4689-b42b-8c20a1775ec6,10/13/2022 8:33:29 PM,399790.038103747,128943.683733315
23,Avalon Apartments ,Ward 8,60,1966,"820 Southern Avenue, SE",Washington,DC,20032,Vesta,"Charlene Matthews, cmatthews@vestacorp.com",Vesta Corporation,"Charlene Matthews, cmatthews@vestacorp.com",CEDE & CO,Active,Non Risk Share,2010,Garden,Rehab,Residential Families 100 @ 60% AMI,,12/1/2010 12:00:00 AM,5040000,1/1/2044,11/27/2025 12:00:00 AM,Sidney,38.82816784,-76.99326809,288996,cb8f1486-800f-4674-b92e-07a9c3a878c6,10/13/2022 8:33:29 PM,400584.737694839,128930.563734818
24,Azeeze Bates,Ward 7,92,1978,"444 16th Street, NE",Washington,DC,20002,Horning Brothers,"Jeff Milota , jmilota@horningbrothers.com","Azeeze Bates Limited Partnership,","Jeff Milota , jmilota@horningbrothers.com",CEDE & CO,Active,Non Risk Share,2007,Garden,Rehab,Residential Families 100 @ 60% AMI or less,Section 8 HAP Contract,11/1/2006 12:00:00 AM,4130000,11/1/2036,10/28/2021 12:00:00 AM,Sidney,38.89646178,-76.98242799,277568,1743c802-6d1e-40b9-acbb-2f611310cdc5,10/13/2022 8:33:29 PM,401524.537418315,136511.813031093
25,Bass Circle,Ward 7,119,1946,"4511  B Street, SE #103",Washington,DC,20019,CT Group,"Pam Kirby , 240-554-6529 pkirby@c-t-associates.com","Bass Circle LP, ","Patty Broullire 202-295-1234, pbroullire@telesiscorp.com","CAPITAL ONE, NATIONAL ASSOCIATION",Active,Non Risk Share,2013,Garden,Acquisition / Rehab,Residential Families 100 @ 60% AMI or less,,12/20/2012 12:00:00 AM,11610000,6/1/2021,12/17/2027 12:00:00 AM,Sidney,38.88785127,-76.93587589,147594,138632a2-9d4d-417d-8a6d-13e872d0a1a8,10/13/2022 8:33:29 PM,405563.516897757,135557.786056919
26,Belmont Crossing (Jeffrey Gardens),Ward 8,273,2002,"4201 7th St SE, ",Washington,DC,20032,TM Associates,,"REILLY MORTGAGE GROUP, INC.",,,Redeemed,Non Risk Share,2003,Garden,Acquisition / Rehab,Residential Families 100 @ 60% AMI or less,,1/1/2002 12:00:00 AM,12285000,,12/28/2016 12:00:00 AM,Sidney,38.82890029,-76.99665762,149585,f68a4e92-5375-4650-b8d2-d1832384276e,10/13/2022 8:33:29 PM,400290.417778293,129011.854328817
27,Benning Heights,Ward 7,148,2017,"4806 Alabama Ave, SE",Washington,DC,20019,Winn Residential, Stacie Ringold sringold@winnco.com,"Benning Residential, LLC",,"CITIBANK, N.A.",Active,Non Risk Share,2017,Garden,Acquisition / Rehab,Residential Families 100 @ 60% AMI or less,,1/11/2017 12:00:00 AM,16000000,1/1/2049,1/8/2032 12:00:00 AM,Sidney,38.88208722,-76.93992495,152229,ecb5f484-fa2b-45fd-affc-c668bdcec71b,10/13/2022 8:33:29 PM,405212.647180367,134917.69331152
28,Bowen Flats (Bowen Place),Ward 8,41,2015,"2620 Bowen Raod, SE",Washington,DC,20020,Residential One,Lynetta Miller - Lynetta.miller@res1.com,2620 Bowen Road LLC ,Micheala Kelinsky,"CITIBANK, N.A.",Active,Non Risk Share,2015,Garden,New Construction,Residential Families 100 @ 60%,,12/21/2015 12:00:00 AM,6550000,7/1/2033,12/17/2030 12:00:00 AM,Sidney,38.85953066,-76.99195708,307502,2e5cc66d-153f-4cda-ad1d-bd4a8bce1b2d,10/13/2022 8:33:29 PM,400698.267604022,132412.06334981
29,Brightwood (3 projects),Ward 4,140,1937/1937/1939,"58005 14th Street, NW",Washington,DC,,Winn Residential,Stacie Ringold sringold@winnco.com  (Regional Manager)   Kareem Slater kslater@winnco.com  (Senior Vice President),Hampstead Greg Gossard ,,"CITIBANK, N.A.",Active,Non Risk Share,2018,3 properties,Acquisition / Rehab / New Construction,Residential Families 90% @ 60% AMI,,1/29/2015 12:00:00 AM,14316000,2/1/2047,1/25/2030 12:00:00 AM,Sidney,38.96062118,-77.03320717,313449,e88a9b40-60ee-4cb5-b43a-702f2cc381f2,10/13/2022 8:33:29 PM,397122.128536897,143634.43380316
30,Brookland Park Apartments (LURA),Ward 5,80,1950,"617 Hamlin Street, NE",Washington,DC,20017,,,Wesley Housing Development Corp. and Brookland Park Apartments NE Tenant Association,,,Redeemed,Non Risk Share,,Low Rise 3 Floors ,Acquisition / Rehab,Residential Families 100 @ 60% AMI or less,,,,,12/27/1914 12:00:00 AM,,38.92709548,-76.99750816,4114,5296d371-839f-412b-baa0-f863f7b1a380,10/13/2022 8:33:29 PM,400216.267836606,139912.262154518
31,Brookland Place,Ward 5,80,1950,"617 Hamlin Street, NE",Washington,DC,20017,Wesley Property Management,"Austin Dunn, adunn@whdc.org",Wesley Housing Development Corp.,Austin Dunn 703-642-3830 ext.238,"TD Bank, NA",Under Construction,Non Risk Share,2018,Garden,Acquisition / Rehab / New Construction,Residential Families 100 @ 60% AMI or less,LRSP,4/13/2018 12:00:00 AM,9990000,4/1/2020 - 4/1/2035,4/9/2033 12:00:00 AM,Sidney,38.92709548,-76.99750816,4114,8f39b999-373c-4498-8ec0-bea089615042,10/13/2022 8:33:29 PM,400216.267836606,139912.262154518
32,Capitol Hill Towers**,Ward 6,204,,"900 G Street, NE",Washington,DC,20002,ABC Management,"DeShawn Partridge 216-223-5264, dpartridge@abcmgt.com","New Capitol Hill Towers Associates LLC, c/o The Orlean Company ","David Roth contact person 216-223-5268, davidroth@orleanco.com",CEDE & CO,Active,Non Risk Share,2012,High Rise 8 Floors,Acquisition / Rehab,Seniors 55+ 100 @ 60% AMI or less,Section 8,12/21/2011 12:00:00 AM,22980000,12/1/2041 - 6/1/2040,12/17/2026 12:00:00 AM,Clarence,38.89923834,-76.9937881,289042,4dd757f3-e269-46ab-8689-b2af410762b0,10/13/2022 8:33:29 PM,400539.047938035,136819.904913628
33,Capitol Park Plaza Twin Towers ,Ward 6,648,,"201 I St SW,",Washington,DC,20024,Edgewood,"Sandy Thomas, sthomas@emcmgmt.com",,,,Redeemed,,,,,,,10/29/2002 12:00:00 AM,30000000,,10/25/2017 12:00:00 AM,Clarence,38.87969065,-77.01411548,52913,6ae57387-5cfd-45ed-8211-6e8080e70f57,10/13/2022 8:33:29 PM,398775.418395255,134650.035515455
34,Capitol Vista ,Ward 6,104,2019,"810 New Jersey Ave. , NW",Washington,DC,20001,DP Management,Riskshare - Corey Powell,Capitol Vista Community Partners LLC,"Corey Powell,corey@dantespartners.com",CEDE & CO,Under Construction,Risk Share ,,Mid Rise,New Construction,Residential Families,,9/28/2018 12:00:00 AM,25235000,,9/24/2033 12:00:00 AM,Sidney,38.90063043,-77.01342631,318276,7c56eae0-09b9-4404-b16b-32d529ffe5e4,10/13/2022 8:33:29 PM,398835.558598445,136974.505379443
35,Carmel Plaza ,Ward 6,133,,"200 K St NW,",Washington,DC,20001,,,,,,Redeemed,,,,,,,11/1/1991 12:00:00 AM,8830000,,10/28/2006 12:00:00 AM,,38.90220146,-77.01445219,238362,8fde4f28-edff-482c-b3e1-5e586231a3ba,10/13/2022 8:33:29 PM,398746.5982213,137148.91589942
36,Carver Senior ,Ward 7,104,2007,"4800 East Capitol Street, NE",Washington,DC,20019,Bozzuto,Stacey Banks 202-388-5252 - sbanks@bozzuto.com ,,,EMBASSY & CO,Active,Non Risk Share,,Mid Rise ,New Construction,Seniors 55+,,5/11/2006 12:00:00 AM,8870000,10/1/2049,5/7/2021 12:00:00 AM,Sidney,38.89009189,-76.93404195,17394,b7519d93-b9c3-4392-a539-7c7d544c4c24,10/13/2022 8:33:29 PM,405722.447256468,135806.625594373
37,Carver Terrace ,Ward 5,312,1946,"2026 Maryland Ave, NE",Washington,DC,20002,Neighborhood Partners,"Tanisha Rowe trowe@thectgroupllc.com, 202-398-1180","Carver Terrace, L.P.","Michaela Kelinsky, mkelinsky@neighborhooddevelopment.com",EMBASSY & CO,Active,Non Risk Share,2000,Garden,Acquisition / Rehab,Residential Families 100 @ 60% AMI or less,,12/1/2000 12:00:00 AM,15350000,,11/28/2015 12:00:00 AM,Sidney,38.90407589,-76.97447616,52408,88f0f468-4783-41cd-ad91-7621fce35865,10/13/2022 8:33:29 PM,402214.107635702,137357.202919733
38,Cascade Park I,Ward 8,84,2021,"4236 4th Street SE, Washington DC, 30032",Washington,DC,20032,,,,,,,,,Garden Style 4 Buildings,,,,,,,,,38.82673103,-77.00003121,147353,9d96e123-0233-4ffe-a5e8-b51b6cf62eb4,10/13/2022 8:33:29 PM,399997.487842636,128771.046745191
39,Cascade Park II,Ward 8,59,2022,"4232-4238 4th Street SE, Washington DC 20032",Washington,DC,20032,,,,,,,,,,,,,,,,,,38.82675182,-76.99976702,147354,7c5b62e8-6065-4e61-ac7a-3bacbcfaa5f8,10/13/2022 8:33:29 PM,400020.428231907,128773.354597811
40,Cavalier Apartments (Hubbard Place),Ward 1,230,1926,"3500 14th Street, NW",Washington,DC,20010,Habitat America,"Tiffany Jackson, tiffany.jackson@huntcompanies.com","Cavalier Apartments LP and Somerset Cavalier Partners, LP ",Tiffany Jackson 443-263-2949,,Active,Non Risk Share,2009,High Rise 8 Floors,Acquisition / Rehab,Residential Families 100 @ 60% AMI or less,Section 8 HAP Contract,5/28/1992 12:00:00 AM,13405000,,5/25/2007 12:00:00 AM,Sidney,38.93462541,-77.03302136,234780,b39a419c-9f11-4dfb-85a8-50030686c42e,10/13/2022 8:33:29 PM,397137.188793596,140748.664248722
41,Channing Phillips ,Ward 2,56,2018,"1730 7th Street, NW",Washington,DC,20001,The CT Group,"keyanna Carter kcarter@thectgroup.com , 202-483-5166",Channing Phillips Homes LLC,"John Eckert, jeckert@c-t-associates.com",,Active,Non Risk Share,2011,High Rise 8 Floors,New Construction,Residential Families 100 @ 60% AMI or less,,3/4/2015 12:00:00 AM,11500000,,2/28/2030 12:00:00 AM,Clarence,38.91345191,-77.02217728,279356,6dd6d0fc-d669-4a41-92aa-f71c029982eb,10/13/2022 8:33:29 PM,398076.818317924,138397.94195684
42,Chapin Street***,Ward 1,15,1930,"1474 Chapin Street, NW",Washington,DC,20009,E & G,"Carlos Rios 571-488-6683, crios@eandggroup.com","National Equity Fund,","Tracey Ferrara, tferrara@nefinc.org",CEDE & CO,Active,Risk Share ,,Garden,Acquisition / Rehab,Residential Families 100 @ 60% AMI or less,,7/1/2014 12:00:00 AM,1425000,,6/27/2029 12:00:00 AM,Clarence,38.9212417,-77.03447345,234160,29098fa8-b8d5-4ba5-b35e-b3ca477dac42,10/13/2022 8:33:29 PM,397010.728985742,139263.004495075
43,Colorado Ave. Coop,Ward 4,36,1945,"5746 Colorado Avenue, NW",Washington,DC,20011,Vision Realty,"Mario Lloyde 443-804-3300, mario@visionrealtymgt.com","Colorado Avenue NW Cooperative, Inc., ",,,Active,Risk Share ,1997,Garden,Acquisition / Rehab,Residential Families 100 @ 60% AMI or less,,11/13/1997 12:00:00 AM,1000000,,11/9/2012 12:00:00 AM,Clarence,38.95982625,-77.03063166,257795,5134c405-b488-4474-9bfc-c5ee72a5c55a,10/13/2022 8:33:29 PM,397345.31869913,143546.1111685
44,Columbia Heights Village ,Ward 1,406,1972,"2900 14th Street, NW",Washington,DC,20009,Winn Residential,Beverley Wingfield- bwingfiled@winnco.com)  (Regional Property Manager)  Kareem Slater (Senior Vice President) ,"Clark Realty Capitol, LLC / Columbia Heights Village Apts, LLC",,,Redeemed,Non Risk Share,2002,High Rise / Townhouses,Acquisition / Rehab,Residential Families 100 @ 60% AMI or less,Section 8 HAP Contract,12/1/2001 12:00:00 AM,34760000,,11/27/2016 12:00:00 AM,Sidney,38.92705741,-77.03274396,234356,c33ee10a-0346-4045-83f8-d2da7cef2c68,10/13/2022 8:33:29 PM,397160.938498926,139908.54238175
45,Congress Park Plaza I,Ward 8,163,1949,"1327 Savannah St SE, ",Washington,DC,20032,Edgewood,"Sandy Thomas, sthomas@emcmgmt.com","Mid-City Urban, LLC and David Page ",,,Redeemed,Non Risk Share,2001,Garden,Acquisition / Rehab,Residential Families 100 @ 60% AMI or less,Section 8 HAP Contract,3/1/2000 12:00:00 AM,6300000,,2/26/2015 12:00:00 AM,Clarence,38.84318021,-76.98734129,297766,e650f807-ee47-49f0-95cd-b4993f9b0e21,10/13/2022 8:33:29 PM,401099.137773508,130597.093289468
46,Congress Park Plaza II,Ward 8,214,1949,"1345 Savannah Street, SE",Washington,DC,20032,Edgewood,Emma Florentine - congresspkmgr@emcmgmt.com,"Mid-City Urban, LLC and David Page ",,,Active,Non Risk Share,2005,Garden / Townhouse,Rehab,Residential Families 100 @ 60% AMI or less,Section 8,2/1/2004 12:00:00 AM,9060000,,1/28/2019 12:00:00 AM,Clarence,38.84358353,-76.9863788,295931,fbae0035-f442-47a3-97a1-eeea6bdb0045,10/13/2022 8:33:29 PM,401182.687680333,130641.876625872
47,Dahlgreen Courts,Ward 5,96,1929,"2504 & 2520 10th Street, NE",Washington,DC,20018,Eagle Point,"Nancy Schorn, nschorn@eaglepointco.com","Dahlgreen Courts, LLC c/o Mission First Development Corporation ","Nancy Schorn,207-523-8945",CEDE & CO,Active,Non Risk Share,2011,Mid Rise 4 Floors,Acquisition / Rehab,Residential Families 100 @ 60% AMI or less,,6/29/2011 12:00:00 AM,10700000,1/1/2044,6/25/2026 12:00:00 AM,Clarence,38.92286101,-76.99281656,46527,c5267062-7974-4229-bb7a-035c50847ec5,10/13/2022 8:33:29 PM,400623.117666333,139442.221539371
48,Deanwood Hills ,Ward 7,150,2018,"5201 Hayes Street, NE",Washington,DC,20019,Pennrose Management,"Alexis Paone 267-386-8722, apaone@pennrose.com","Pennrose, LLC  ","Gabriela Mosquera, 267-386-8724","CITIBANK, N.A.",Active,Non Risk Share,,Mid Rise ,New Construction,Residential Families 100 @ 60%,,10/27/2016 12:00:00 AM,16830000,11/1/2049,10/24/2031 12:00:00 AM,Clarence,38.89943024,-76.92665141,299817,e8cc5013-ca02-4570-ba8b-54125239a29d,10/13/2022 8:33:29 PM,406362.787096571,136843.744989366
49,Delta Towers ,Ward 5,179,2018,808 Bladensburg Rd NE,Washington,DC,20002,DP Management,Riskshare - Corey Powell,Delta Senior Housing Owner LLC,"Corey Powell,corey@dantespartners.com",CEDE & CO,Under Construction,Risk Share ,,high rise,New Construction,Seniors 55+,"Section 8/ HAP, LRSP, PSH",9/1/2018 12:00:00 AM,48160000,,8/28/2033 12:00:00 AM,Sidney,38.90068876,-76.98344028,316453,c08c95af-9767-46cc-9a85-4898c46650e5,10/13/2022 8:33:29 PM,401436.638028077,136981.025057467
50,Douglas Knoll (LURA),Ward 8,234,1954,"3331 22nd Street, SE",Washington,DC,20020,,,Douglas Knoll Cooperative Limited Partnership ,,,Redeemed,,,,,,,1/1/2001 12:00:00 AM,10014000,,12/29/2015 12:00:00 AM,,38.84898774,-76.97444079,278376,99e4aeb6-ac5e-4bda-8621-0dd9131f6e52,10/13/2022 8:33:29 PM,402218.887602249,131242.003980602
51,East Bank (Sq 50) aka West End Sq 50,Ward 2,61,2017,"1211 23rd St NW, ",Washington,DC,20037,Capreit,"Melody Crowder 301-468-8308, mcrowder@capreit.com","APC-DC Eastbrooke Development LLC, ","Natasha Lasley, nlasley@capreit.com",JPMORGAN CHASE BANK NA,Active,Non Risk Share,2016,High Rise 9 Floors,New Construction,Residential Families 100 @ 60% AMI or less,LRSP,7/30/2015 12:00:00 AM,13372237,2/1/2036,7/26/2030 12:00:00 AM,Sidney,38.90572306,-77.04982908,310857,7d707952-c643-4243-987b-c292208d943f,10/13/2022 8:33:29 PM,395678.178987503,137540.922335395
52,Eastbrooke Apartment Homes ,Ward 7,39,2015,"323 62nd Street, NE",Washington,DC,20019,Residential One,"Louis Sigalas 301-939-4488, lsigalas@res1.net","APC-DC Eastbrooke Development LLC, ","Greg Griffith 305-357-4737, ggriffith@apcommunities.com",,Active,Non Risk Share,2014,Mid Rise 4 Floors,New Construction,Residential Families 100 @ 50% AMI or less,,5/1/2014 12:00:00 AM,4850000,,4/27/2029 12:00:00 AM,Sidney,38.89387389,-76.911934,310426,73ce3ebc-a898-449b-827d-8b6bedbae13f,10/13/2022 8:33:29 PM,407640.036568399,136228.075030034
53,Edgewood Terrace,Ward 5,292,1973,"601 Edgewood Street, NE",,,20017,Horning Brothers,"Jeff Milota , jmilota@horningbrothers.com",CPDC,,,Redeemed,Non Risk Share,,Low Rise 3 Floors ,,Residential Families 100 @ 60% AMI or less,,11/1/2014 12:00:00 AM,21570000,,10/28/2029 12:00:00 AM,Sidney,38.92390014,-76.99749766,289571,5c2bbece-cec6-400a-8f44-0041b7cc5563,10/13/2022 8:33:29 PM,400217.188016058,139557.552242829
54,Edgewood Terrace Seniors (The View),Ward 5,200,1973,"635 Edgewood St NE,",Washington,DC,20017,Horning Brothers,"Jeff Milota , jmilota@horningbrothers.com",CPDC,,,Redeemed,,,,,Seniors 55+ 100 @ 60% AMI or less,,11/1/2001 12:00:00 AM,8000000,,10/28/2016 12:00:00 AM,Sidney,38.92347943,-76.99673749,289573,daf3f704-c5fa-4040-b418-523e53173799,10/13/2022 8:33:29 PM,400283.10766157,139510.85194766
55,Euclid Street***,Ward 1,17,1909,"1034 Euclid Street, NW",Washington,DC,20001,E & G,"Carlos Rios 571-488-6683, crios@eandggroup.com - Michlle McCoy, mmccoy@eandggroup.com, Nikki Dickerson ndickerson@eandggroup.com","National Equity Fund, Tim Schalk,","Tracey Ferrara, tferrara@nefinc.org",CEDE & CO,Active,Risk Share ,,Garden,Acquisition / Rehab,Residential Families 100 @ 60% AMI or less,,7/1/2004 12:00:00 AM,1650000,,6/28/2019 12:00:00 AM,Clarence,38.92353043,-77.02649349,233078,c4abebf7-2d39-401b-8dbb-455fd3397864,10/13/2022 8:33:29 PM,397702.80899426,139516.841753667
56,Faircliff Plaza East,Ward 1,,,"1350 Fairmont St NW,",Washington,DC,20009,"Eagle Point Management, LLC",Dawn Baker,Eagle Point Enterprises,,,Redeemed,,,,,,,2/1/2002 12:00:00 AM,7000000,,1/28/2017 12:00:00 AM,Clarence,38.92413332,-77.03149773,284000,33f0bd86-40b6-4991-9c12-1e604cec1629,10/13/2022 8:33:29 PM,397268.888267822,139583.905492006
57,Faircliff Plaza West,Ward 1,112,1979,"1424 Clifton Street, NW",Washington,DC,20009,Habitat  America,"Allie , Allie Engelhardt <aengelhardt@habitatamerica.com>","Faircliff Plaza West Limited Partnership c/o Eagle Point Enterprises, LLC ","Nancy Schorn,207-523-8945",,Active,Non Risk Share,2005,Low Rise 3 Floors ,Acquisition / Rehab,Residential and Grand Families 100 @ 60% AMI or less,LRSP,3/18/2005 12:00:00 AM,23840000,,3/14/2020 12:00:00 AM,Sidney,38.92238417,-77.03336349,284028,32ba2745-3a8f-4556-aa4e-3a0ceb50bb86,10/13/2022 8:33:29 PM,397107.028862753,139389.792528087
58,Fairmont I and II,Ward 1,205,1940,"1400 Fairmont Street, NW",Washington,DC,20009,Kettler,"Angela Jones, Toekeshea Manuel ","New Fairmont , LP ",,,Active,Risk Share ,2003,Mid Rise 5 Floors ,Acquisition / Rehab,Residential Families 100 @ 60% AMI or less,,12/30/2002 12:00:00 AM,16125000,,12/26/2017 12:00:00 AM,Sidney,38.92422536,-77.03277391,234255,2d3b02bd-98aa-408a-a44d-d8072a265af1,10/13/2022 8:33:29 PM,397158.22863155,139594.161670953
59,Fairway Park aka MM Carver Terrace,Ward 5,405,2014,"2100 Maryland Ave, NE",Washington,DC,20002,WC Smith,"Cynthia Bertolotti, cynthiab@wcsmith.com, 202-371-1220. Mngr: 202-388-0300",WCS Carver Terrace LP,,USBank TTEE for National Finance Authority Municipal Certificates Series 2020-1,Active,Non Risk Share,2012,Garden,Acquisition / Rehab,Residential Families 100 @ 60% AMI or less,,8/1/2012 12:00:00 AM,33482000,8/1/2046,7/29/2027 12:00:00 AM,Clarence,38.90437366,-76.97385914,150271,a6225b2a-9929-4c01-8f9a-3f9a142be73d,10/13/2022 8:33:29 PM,402267.617799328,137390.272937164
60,Fort View (Fort Stevens),Ward 4,62,1939,"6040 13th Street, NW",Washington,DC,20011,Habitat  America,"Katriesha Wilson, manager352@habitatamericallc.com","Fort View, LP c/o Somerset Development ","Matt Allan , mallan@somersetdev.com",CEDE & CO,Active,Non Risk Share,2011,Garden,Acquisition / Rehab,Residential Families 100 @ 60% AMI or less,LRSP,4/14/2010 12:00:00 AM,9040000,4/1/2044,4/10/2025 12:00:00 AM,Sidney,38.9638798,-77.03091194,285304,dd129775-f72b-471a-9a52-0d7845727c91,10/13/2022 8:33:29 PM,397321.178907531,143996.101030832
61,Friendship Courts (Widrich Court),Ward 8,136,1950,"4632 Livingston Road, SE, ",Washington,DC,20032,CIH Properties,Lauren Daley - ldaley@cihproperties.com,,,,Active,Non Risk Share,2000,Garden,Acquisition / Rehab,Residential Families 100 @ 60% AMI or less,,2/1/2000 12:00:00 AM,3575000,,1/28/2015 12:00:00 AM,Clarence,38.82286555,-77.00164548,147337,bdde989a-0858-4a28-9bd5-6f2085dabfd0,10/13/2022 8:33:29 PM,399857.308284256,128341.954266987
62,Ft. Chaplin,Ward 7,549,1962,"4214 East Capitol Street, NE",Washington,DC,20019,The Franklin Johnston Group,fortchaplinparkmgr@tfjgroup.com,Fort Chaplin Park Limited Partnership ,"Jessica Waddell, 202-396-3121","CITIBANK, N.A.",Active,Non Risk Share,2019,Garden,Acquisition / Rehab,Residential Families 40 @ 60% AMI,Section 8/ HAP ,9/30/2016 12:00:00 AM,61000000,10/1/2051,9/27/2031 12:00:00 AM,Sidney,38.89065813,-76.94166172,148680,376f431e-fc3b-4b1b-b919-10b9f34b73f0,10/13/2022 8:33:29 PM,405061.347272001,135869.032613291
63,FT. Stevens Hill (LURA),Ward 4,59,1952,"1339 Fort Stevens Dr, NW",Washington,DC,20011,Kettler,Shanetta Sapp,"THC Affordable Housing, Inc",,,Redeemed,,,Mid Rise 4 Floors,Acquisition / Rehab,Residential Families 100 @ 60% AMI or less,LRSP,,,,12/27/1914 12:00:00 AM,Sidney,38.96470107,-77.03238578,259562,586d1378-957c-4696-85fb-b5daafe54eb7,10/13/2022 8:33:29 PM,397193.479195381,144087.313953454
64,Galen Terrace,Ward 8,84,1968,"1649 W. Street, SE, Unit B1,",Washington,DC,20020,Eagle Point,Farrah Williamson - gtamanager@eaglepointco.com,NHT Communities,"Shola Giwa O: 202-333-8931 x 154 ,C: 213-272-8473 sgiwa@nhtinc.org",EMBASSY & CO,Active,Non Risk Share,2007,Garden / Townhouse,Rehab / New Construction,Residential Families 100 @ 60% AMI or less,Section 8 HAP Contract,3/1/2006 12:00:00 AM,5660000,2/1/2049,2/25/2021 12:00:00 AM,Clarence,38.86277033,-76.98141933,148153,2623c3e0-dd6f-4837-91b7-fc7f8601daa2,10/13/2022 8:33:29 PM,401612.797953629,132771.823536639
65,Garfield Hills,Ward 8,94,1949,"2317 Hartford Street, SE",Washington,DC,20020,POAH,"Monique Alston, malston@poahcommunities.com",POAH DC,"Tony Waddell, 240-437-3339",,Active,Non Risk Share,2007,Garden,Rehab / New Construction,Residential Families 100 @ 60% AMI or less,Section 8 HAP Contract,5/10/2006 12:00:00 AM,5110000,,5/6/2021 12:00:00 AM,Sidney,38.85365934,-76.97212461,148209,38176346-1a14-45fd-bb51-23cc1757b00b,10/13/2022 8:33:29 PM,402419.787293813,131760.643403588
66,Garfield Park (Maplewood Courts),Ward 8,94,1966,"2306 Hartford Street, SE",Washington,DC,20020,Vesta,Pamela Cromartie - pcromartie@vestacorp.com,Vesta Corporation,,,Active,Non Risk Share,2019,Garden,Acquisition / Rehab / New Construction,Residential Families 100 @ 60% AMI or less,,8/1/1999 12:00:00 AM,3260000,,7/28/2014 12:00:00 AM,Sidney,38.85503641,-76.97228352,286806,7618953b-6bc0-4e7f-b8c2-0add58fa782f,10/13/2022 8:33:29 PM,402405.947466641,131913.503773104
67,Georgia Commons  (Three Tree Flats),Ward 4,130,2011,"3910 Georgia Avenue, NW",Washington,DC,20011,Residential One,"Louis Sigalas 301-939-4488, lsigalas@res1.net",3910 Georgia Avenue Associates Limited Partnership 1-A ,"Loretta Gaegler, lgaegler@res1.net",FEDERAL HOME LOAN MORTGAGE CORPORATION,Redeemed,Non Risk Share,2011,Mid Rise 6 Floors,Acquisition / New Construction,Residential Families 92% @ 60% or less and Market ,,6/1/2009 12:00:00 AM,16695000,3/20/2051,5/28/2024 12:00:00 AM,Sidney,38.93918406,-77.02506061,224826,1cd72dc8-8e7a-491f-960b-69cd3871f7f4,10/13/2022 8:33:29 PM,397827.538584776,141254.494681143
68,Glen Crest Family Rental ,Ward 7,61,,"3600 B Street, SE",Washington,DC,20019,E & G,Thomas Gallagher,,,,Redeemed,,,,,Seniors 55+ 100 @ 60% AMI or less,,,,,12/27/1914 12:00:00 AM,Clarence,38.88810641,-76.95215226,301154,3224d5c0-9b7a-4af4-8d49-0858e74d10db,10/13/2022 8:33:29 PM,404151.386918423,135585.242574223
69,Golden Rule Apartments,Ward 6,183,1971,"901 New Jersey Avenue, NW",Washington,DC,20001,Columbus Property Management,Susan McMichael 215-557-8484 x3211 smcmichael@columbuspm.org,Golden Rule Limited Partnership ,c/o Bible Way Church Attn: President,CEDE & CO,Active,Non Risk Share,2006,High Rise,Rehab,Residential Families 100 @ 60% AMI or less,Section 8 HAP Contract,7/1/2006 12:00:00 AM,12600000,5/1/2048,6/27/2021 12:00:00 AM,Clarence,38.9018665,-77.01287352,238376,49587240-07d1-4506-8be9-709afc6241bd,10/13/2022 8:33:29 PM,398883.528658456,137111.712150925
70,Golden Rule Plaza,Ward 6,119,,"1050 New Jersey Avenue, NW",Washington,DC,20001,Columbus Property Management,Yvonne Queen yqueen@columbuspm.org ,Mission First,,,Redeemed,,,,,,,6/1/2002 12:00:00 AM,8870000,,5/28/2017 12:00:00 AM,Clarence,38.90327434,-77.0145127,300893,45c175ac-d823-47b2-9e37-727099944cdf,10/13/2022 8:33:29 PM,398741.368449658,137268.015045219
71,Hanover Courts (Hanover/Knox street),Ward 8,74,,"2412 Hartford St, SE",Washington,DC,20020,Patriot Management,Pamela Comartie,,,,Redeemed,,,,,,,10/1/2000 12:00:00 AM,4610800,,9/28/2015 12:00:00 AM,,38.85425668,-76.97132518,148200,73cf208d-dffa-4ea9-8056-4dc0b5ea1a80,10/13/2022 8:33:29 PM,402489.157145645,131826.97388076
72,Tivoli Gardens ,Ward 5,90,2020,4811 North Capitol Street NE,washington,DC,20011,TM Associates,"Amy Brown 240-428-7799 ext. 221, abrown@tmadevelopment.com","EquityPlus, LLC Manna and Tivoli Gardens Member (REBJ, Inc.) ","Carol Noland , cnoland@equityplusllc.com",JPMORGAN CHASE BANK NA,Under Construction,Non Risk Share,2020,Mid Rise,New Construction,Residential Families 100 @ 60% AMI or less,"LRSP, PSH",1/30/2020 12:00:00 AM,16900000,,1/26/2035 12:00:00 AM,Sidney,38.94930209,-77.00845809,288280,0ac961d9-ab83-4dd7-8bb0-5f29bf4040d1,10/13/2022 8:33:29 PM,399267.018023065,142377.421837885
73,Hanover Court ,Ward 8,90,2020,2410 Hartford Street SE,washington,DC,20011,TM Associates,"Amy Brown 240-428-7799 ext. 221, abrown@tmadevelopment.com","EquityPlus, LLC Manna and Tivoli Gardens Member (REBJ, Inc.) ","Carol Noland , cnoland@equityplusllc.com",JPMORGAN CHASE BANK NA,Under Construction,Non Risk Share,2020,Mid Rise,New Construction,Residential Families 100 @ 60% AMI or less,"LRSP, PSH",1/30/2020 12:00:00 AM,16900000,,1/26/2035 12:00:00 AM,Sidney,38.85439319,-76.97146648,148202,e362fa2a-6bde-4e1e-9e07-3b1d0b33c7ec,10/13/2022 8:33:29 PM,402476.887644813,131842.123619311
74,Haven House,Ward 1,29,1910,"1477 Newton Street, NW",Washington,DC,20010,E & G,Nikki Dickerson <ndickerson@eandggroup.com>,"SAFE haven Outreach Ministry, Inc.",,,Redeemed,Risk Share ,2000,Mid Rise 4 Floors,Acquisition / Rehab,Residential Families 100 @ 60% AMI or less,,6/1/2000 12:00:00 AM,1645000,,5/29/2015 12:00:00 AM,Clarence,38.9328559,-77.03452393,234585,72aa537b-b8d1-415c-ac60-d311fafa4950,10/13/2022 8:33:29 PM,397006.839074201,140552.281486226
75,HELP Walter Reed,Ward 4,77,2021,"1324 Main Drive, NW",Washington,DC,20307,HELP,Ava Wu 212-400-8206,"HELP USA, ","David Cleghorn, dcleghorn@helpusa.org","TD Bank, NA",Active,Non Risk Share,2020,Mid Rise,New Construction,Homeless Veterans & Individuals ,PSH,4/1/2018 12:00:00 AM,9541577,11/1/2021,3/28/2033 12:00:00 AM,Clarence,38.97345391,-77.0311387,316865,e6cb6266-1d46-4636-be70-5dea3c5e1a7d,10/13/2022 8:33:29 PM,397301.889041495,145058.924224393
76,Henson Ridge I,Ward 8,124,2003,"1804 Alabama Avenue, SE",Washington,DC,20020,Edgewood,"Sandy Thomas, sthomas@emcmgmt.com",Mid Atlantic Urban,"Shelly Griffith, hensonmgr@emcmgmt.com",,Active,Risk Share ,,Townhouse,New Construction,Residential Families 100 @ 60% AMI or less,ACC,10/1/2002 12:00:00 AM,4140000,,9/27/2017 12:00:00 AM,Clarence,38.84795152,-76.97895657,277969,5d892a07-c9ea-448b-a982-4c98956d03ef,10/13/2022 8:33:29 PM,401826.91787833,131126.876247946
77,Henson Ridge II,Ward 8,156,2007,"1804 Alabama Avenue, SE",Washington,DC,20020,Edgewood,"Sandy Thomas, sthomas@emcmgmt.com",Mid Atlantic Urban,"Shelly Griffith, hensonmgr@emcmgmt.com",,Active,Risk Share ,,Townhouse,New Construction,Residential Families 100 @ 60% AMI or less,,2/28/2005 12:00:00 AM,13500000,,2/25/2020 12:00:00 AM,Clarence,38.84795152,-76.97895657,277969,f8055f2a-1219-4b10-a9ce-e6ff793c9d4f,10/13/2022 8:33:29 PM,401826.91787833,131126.876247946
78,Henson Ridge UFAS,Ward 8,22,2003,"1556 Alabama Avenue, SE",Washington,DC,20032,Edgewood,Carris Wiggins - Hensonmgr@emcmgmt.com,"AccessiBuild I, LP (Affiliate entity of the DCHA and DCHE)","Shelly Griffith, hensonmgr@emcmgmt.com",EMBASSY & CO,Active,Non Risk Share,2007,Townhouse,Acquisition / Rehab / New Construction,Seniors 55+,,2/1/2008 12:00:00 AM,5500000,12/1/2050,1/28/2023 12:00:00 AM,Clarence,38.8470232,-76.98063537,300911,b962b8e7-fcca-48de-b8eb-258f4abef2fe,10/13/2022 8:33:29 PM,401681.207915004,131023.793985577
79,Highland Dwellings,Ward 8,208,2014,"508 Atlantic St, SE",Washington,DC,20032,CIH Properties,"Lori Baker, Lbaker@cihproperties.com","Highland Residential, Limited Partnership","Cheromie Johnson, chjohnson2@dchousing.org","CAPITAL ONE, NATIONAL ASSOCIATION / CITIBANK NA",Active,Non Risk Share,2014,Garden,Acquisition / Rehab / New Construction,Residential Families 100 @ 60% AMI or less,,10/24/2014 12:00:00 AM,35510000,12/1/2032,10/20/2029 12:00:00 AM,Clarence,38.83124145,-76.99914497,290941,2d9bbd45-39c8-4370-a027-1da07a69fd68,10/13/2022 8:33:29 PM,400074.437991443,129271.73378094
80,Hill East,Ward 7,100,2021,"1900 C Street SE, Washington, DC 20003",Washington,DC,20003,Kettler,,Donatelli Development,,,Under Construction,Risk Share ,2021,Mid Rise 5 Floors ,New Construction,Womens Shelter 100% @ 30% AMI,100% LRSP,9/9/2021 12:00:00 AM,54475000,,9/5/2036 12:00:00 AM,Sidney,38.88574152,-76.97649306,314741,cb43890c-9ac1-4243-9e3e-695cfb01248b,10/13/2022 8:33:29 PM,402039.688009626,135321.896225451
81,Hilltop Apartments ,Ward 7,106,1966,"908 Eastern Ave, NE",Washington,DC,20019,Winn Residential,Risha Williams rkwilliams@winnco.com (Divisional Vice President),Eastern Avenue Redevelopment Limited Partnership,"Binh Ly, bly@winnco.com",CEDE & CO,Active,Non Risk Share,2018,Garden ,Acquisition / Rehab,Residential Families 92% @ 80% or less + Mark to Market ,,12/28/2017 12:00:00 AM,12999000,1/1/2021 - 7/1/2038,12/24/2032 12:00:00 AM,Sidney,38.90203655,-76.92156811,151205,e4612f1b-976f-4e69-8a3e-74b80b3c6d2a,10/13/2022 8:33:29 PM,406803.486896257,137133.432724498
82,Hines International (Hines I),Ward 6,17,2014,700 C St SE,Washington,DC,20003,Capreit,"Natasha Lashley, nlasley@capreit.com","Dantes Partner/ Eastbanc, Inc. / Statnton Development",,JPMORGAN CHASE BANK NA,Active,Non Risk Share,2014,Mid Rise 5 Floors ,New Construction,"Senoirs, Residential Families 100 @ 60% AMI",,,,,12/27/1914 12:00:00 AM,Sidney,38.88616864,-76.99585515,313099,18fb85df-c7f8-440b-95b7-fe9c957350f2,10/13/2022 8:33:29 PM,400359.807995361,135369.055457655
83,Hines Senior (Hines II),Ward 6,17,2015,700 C St SE,Washington,DC,20003,Capreit,"Natasha Lashley, nlasley@capreit.com",East Bank,,JPMORGAN CHASE BANK NA,Active,Non Risk Share,2015,Low Rise,New Construction,Seniors 55+,,5/15/2015 12:00:00 AM,7600000,11/1/2035,5/11/2030 12:00:00 AM,Sidney,38.88616864,-76.99585515,313099,395ad7d6-9d90-4309-931a-f81be7e97c49,10/13/2022 8:33:29 PM,400359.807995361,135369.055457655
84,Homestead Apartments,Ward 4,55,1939,"812 Jefferson St NW,",Washington,DC,20011,Winn Residential,Stacie Ringold sringold@winnco.com  (Regional Manager)   Kareem Slater kslater@winnco.com  (Senior Vice President),"The Hampstead Group, Inc.",,"CITIBANK, N.A.",Active,Non Risk Share,2017,Garden,,Residential Families 80 @ 60% or less AMI + Market Rate ,,7/1/2016 12:00:00 AM,6500000,2/1/2049,6/28/2031 12:00:00 AM,Sidney,38.95490709,-77.02474275,254711,3ebfd6ee-b4c0-44fd-90de-480f6cdcc76e,10/13/2022 8:33:29 PM,397855.568947924,142999.884410933
85,House of Lebanon (MM Washington),Ward 5,82,2014,"27 O Street, NW",Washington,DC,20001,Columbus Property Management,Alfredo de la Pena   adelapena@columbuspm.org,Mission First Housing Development Corporation,,CEDE & CO,Active,Non Risk Share,2012,Mid Rise 4 Floors  ,Acquisition / Rehab,Seniors 55+ 100 @ 60% AMI or less,,7/1/2012 12:00:00 AM,12120000,12/1/2044,6/28/2027 12:00:00 AM,Clarence,38.90881319,-77.01027416,294464,35a3b4cc-955a-448f-b325-7dbea6634c16,10/13/2022 8:33:29 PM,399109.088049606,137882.822413871
86,Huntington Village (Hunter Pines),Ward 8,252,1940,"3526 Stanton Road, SE",Washington,DC,20020,WC Smith,George Pollard  gpollard@wcsmith.com ,,,,Redeemed,Non Risk Share,2005,Garden,Acquisition / Rehab,Residential Families 100 @ 60% AMI or less,Section 8 HAP Contract,1/1/2006 12:00:00 AM,10633000,,12/28/2020 12:00:00 AM,Clarence,38.84396007,-76.97864374,299292,5ed190bf-eda6-49b6-88d5-6f699c061418,10/13/2022 8:33:29 PM,401854.177399663,130683.803802089
87,"Juniper Court aka 7611 & 7701 Georgia Avenue, NW",Ward 4,95,1932,"7611 & 7701 Georgia Avenue, NW",Washington,DC,20012,WC Smith,"Cynthia Bertolotti 202-408-3217 , cynthiab@wcsmith.com","William C. Smith & Co. Inc., ","Clare J. McCabe 202-465-7037, cjmccabe@wcsmith.com","STI INSTITUTIONAL & GOVERNMENT, INC.",Active,Non Risk Share,2016,Mid Rise 6 Floors,Acquisition / Rehab / New Construction,Residential Families 85% @ 60% AMI and Market ,,12/10/2014 12:00:00 AM,11186000,12/1/2033,12/6/2029 12:00:00 AM,Clarence ,38.98244099,-77.0261306,253717,59b28199-a75d-400b-9807-d674debc467d,10/13/2022 8:33:29 PM,397736.149142867,146056.440618251
88,JW King ,Ward 7,74,2005,"4638 H Street, SE",Washington,DC,20019,Columbus Property Management,Vanessa Jones <vjones@columbuspm.org>,JW King Senior LP,,,Redeemed,Risk Share ,2005,Mid Rise,New Construction,Seniors 55+,,8/1/2004 12:00:00 AM,5290000,,7/29/2019 12:00:00 AM,Clarence,38.87897678,-76.93273978,300715,49a59717-0d22-46b5-9f1a-931d03751cee,10/13/2022 8:33:29 PM,405836.327217236,134572.845669837
89,Kenilworth Apts 166,Ward 7,166,2022,"4501 Quarles Street, NE, Washington, DC 20019",Washington,DC,20019,"Michaels Management Affordable,",,Michaels Group,,Freddie Tel/Grandbridge,Under Construction,Non Risk Share,2022,Low Rise 4 Floors,New Construction,Seniors 55+ 100% @ 50% AMI ,LRSP/PSH units - Open Arms House ,,,,,Clarence,38.91171418,-76.93664621,156067,e445af81-d135-4af1-a304-63f5a0ff1784,10/13/2022 8:33:29 PM,405494.846699016,138206.712429417
90,King Towers,Ward 2,129,1972,"1220 12th Street, NW",Washington,DC,20005,Edgewood,Albe Alverenga - kingtowers@emcmgmt.com,"King Towers, LLC ",,CEDE & CO,Active,Non Risk Share,2011,High Rise 10 Floors,Acquisition / Rehab,Residential Families 100 @ 60% AMI or less,Section 8 HAP Contract,8/1/2010 12:00:00 AM,15610000,1/1/2044,7/28/2025 12:00:00 AM,Clarence,38.90627252,-77.02846042,240913,5f52e736-ec7a-4789-8670-5b38e0cbd930,10/13/2022 8:33:29 PM,397531.648896315,137601.122043774
91,Langdon Lofts,Ward 5,33,2017,2613-2615 Bladensburg Road NE,Washington,DC,20018,Corvus Property Intelligence,Henry Rodgriguez,SA+A Development,,CEDE & CO,Active,Non Risk Share,,Mid Rise,,Residential Families 100 @ 60% AMI or less,,4/20/2016 12:00:00 AM,5340000,5/1/2056,4/17/2031 12:00:00 AM,Sidney,38.92408383,-76.96614906,150462,fb4651ff-cc50-42e8-abce-72c10780ae58,10/13/2022 8:33:29 PM,402935.56747319,139578.484590936
92,Liberty Place Apartments,Ward 6,67,2018,"901 3rd Street, NW",Washington,DC,20001,Edgewood,Y'Nona Hunter-Richardson    mayfairmgr@emcmgmt.com,"Rob Richardson 202-580-8882, rob@ibfdevelopment.com",Kevin White,CEDE & CO,Under Construction,Non Risk Share,2018,High Rise 9 Floors,New Construction,Residential Families 100 @ 60% AMI or less,"LRSP, PSH",6/19/2018 12:00:00 AM,16800000,6/1/2021,6/15/2033 12:00:00 AM,Clarence,38.90170998,-77.01481881,238361,11ea06bc-8a96-4309-bf73-3d58661a8284,10/13/2022 8:33:29 PM,398714.788316263,137094.362771505
93,Longfellow Arms**,Ward 4,30,1964,"506 Longfellow Street, NW",Washington,DC,20011,Armiger Management,Pim Kuhn - plm@armigermanagement.com,Orchard Development,"Bob Williams, bob@orcharddevelopment.com",,Active,Non Risk Share,2009,Garden,Acquisition / Rehab,Residential Families 100 @ 60% AMI or less,,7/1/2008 12:00:00 AM,4300000,,6/28/2023 12:00:00 AM,Clarence,38.95722271,-77.02066657,246737,eee482fc-8629-4214-aaa8-e3ce16b28764,10/13/2022 8:33:29 PM,398208.938513218,143256.85155716
94,Maple View Flats ,Ward 8,114,1965,"2228 Martin Luther King Ave, SE",Washington,DC,20020,Kettler,Teri Pike Teri Pike <TPike@kettler.com>,Timothy Chapman / Bret Green ,,Federal Home Loan Mortgage Corporation,Active,Non Risk Share,2019,Mid Rise 5 Floors ,Acquisition / New Construction,Residential Families 100 @ 60% AMI,,1/13/2017 12:00:00 AM,25090176,2/1/2038,1/10/2032 12:00:00 AM,Sidney,38.86337871,-76.99062409,49963,a22cff46-1e9d-42e7-9e00-ad317519a642,10/13/2022 8:33:29 PM,400813.918019652,132839.235839653
95,Maplewood Courts Apartments,Ward 8,94,2018,"2306 Hartford Street, SE",Washington,DC,20020,Vesta,Kathleen Leonard <kleonard@vestacorp.com>,Vesta Corporation,,,Redeemed,Non Risk Share,,,,,,,,,12/27/1914 12:00:00 AM,Sidney,38.85503641,-76.97228352,286806,9b5be068-ad66-4946-82fc-fe4704fa3a1f,10/13/2022 8:33:29 PM,402405.947466641,131913.503773104
96,Mass Place Apartments ,Ward 2,160,,1111 Mass Ave. NW ,Washington,DC,20005,Quantum Real Estate Management,"Indira Hall, ihall@nhtinc.org","National Housing Trust, ","Edward Pauls, epauls@nhtinc.org",CEDE & CO,Under Construction,Non Risk Share,2018,High Rise 10 Floors,Acquisition / Rehab,Residential Families 100 @ 60% AMI or less,,10/26/2018 12:00:00 AM,18500000,11/1/2020 - 11/1/2038,10/22/2033 12:00:00 AM,Sidney,38.90446962,-77.02760322,239117,82a6fc83-d00e-4b51-9cae-d6abb75a3f76,10/13/2022 8:33:29 PM,397605.938659854,137400.962715877
97,Matthew Memorial Terrace ,Ward 8,99,2010,"2632 MLK Jr. Ave, SE",Washington,DC,20020,,,,,,Redeemed,Non Risk Share,2010,Mid Rise 6 Floors ,Acquisition / Demolish / New Construction,Residential Families 100 @ 60% AMI or less,ACC,9/1/2010 12:00:00 AM,10280000,,8/28/2025 12:00:00 AM,,38.85761575,-76.99549377,278197,4c9f80d5-a7e3-4765-bc74-62b6eea848ae,10/13/2022 8:33:29 PM,400391.31795177,132199.473463518
98,Maycroft,Ward 1,64,1923,"1474 Columbia Road, NW",Washington,DC,20009,Jubilee,"Dorothy Larimer, dlarimer@jubileehousing.org","Jubilee Housing, Inc.",,JUBILEE HOUSING INC,Active,Non Risk Share,2019,Garden 4 Floors,Acquisition / Rehab,"Residential, Homeless 100 @ 60% AMI or less",LRSP,4/5/2019 12:00:00 AM,3312149,7/1/2034,4/1/2034 12:00:00 AM,Clarence,38.92684653,-77.03518853,234344,e80172df-69d4-4075-987a-8d9eef4bc59f,10/13/2022 8:33:29 PM,396948.95851485,139885.211776322
99,Mayfair Mansions ,Ward 7,410,1945,"3744 Hayes St, NE",Washington,DC,20019,"Enterprise Residential, LLC",Henry Johnson,"Enterprise Community Development, Inc. - FKA - Community Preservation and Development Corporation ",,,Redeemed,Non Risk Share,2007,Garden 3 Floor,Acquisition / Rehab,Residential Families 100 @ 60% AMI or less,,10/1/2007 12:00:00 AM,42000000,,9/27/2022 12:00:00 AM,,38.90348479,-76.94919542,295317,c821432d-057d-40e6-a906-914c282ddce9,10/13/2022 8:33:29 PM,404406.967300351,137292.50274559
100,Mayfair Mansions III,Ward 7,160,1946,"3744 Hayes Street, NE",Washington,DC,20019,TM Associates,"Binh Ly, bly@winnco.com","WinnCompanies, LLC","Binh Ly, bly@winnco.com",CEDE & CO,Active,Non Risk Share,2012,Garden,Acquisition / Rehab,Residential Families 100 @ 60% AMI or less,,10/1/2011 12:00:00 AM,11000000,1/1/2044 / 7/1/2029,9/27/2026 12:00:00 AM,Sidney,38.90348479,-76.94919542,295317,b78f0fbd-c248-47bd-b208-09b5d3af3aa3,10/13/2022 8:33:29 PM,404406.967300351,137292.50274559
101,Meadowbrook Run (Trenton Park),Ward 8,259,1949,"3647 6th Street, SE",Washington,DC,20032,"Enterprise Residential, LLC",Wanda M. Langley-Hardy - wlhardy@enterprisecommunity.org,"Trenton Park, LLC",,,Redeemed,Non Risk Share,2002,Garden,New Construction,Residential Families 100 @ 60% AMI or less,,1/1/2002 12:00:00 AM,6335000,,12/28/2016 12:00:00 AM,Clarence,38.83788023,-76.99868059,295898,b6df0df8-d662-48f5-ab9b-2f10ace2074e,10/13/2022 8:33:29 PM,400114.748291731,130008.683750506
102,Meridian Manor,Ward 1,34,1940,"1424 Chapin Street, NW",Washington,DC,20009,Edgewood,"Mercedes Coreas, SHCM","Meridian Manor- Chapin Street, LP ",,,Active,Risk Share ,,High Rise,Acquisition / Rehab,Residential Families 100 @ 60% AMI or less,,7/1/2001 12:00:00 AM,2400000,,6/27/2016 12:00:00 AM,Clarence,38.92131413,-77.03325194,234161,c9edbe34-dad6-45e7-8253-ec2786a4271e,10/13/2022 8:33:29 PM,397116.658832226,139271.005539608
103,Metro Village ,Ward 4,150,2015,"7053 Spring Pl, NW",Washington,DC,20012,Residential One,Vickie Janes  VJANES@RES1.NET,"Takoma Spring Place Limited Partnership / AHD, Inc.",,,Redeemed,Non Risk Share,2014,Mid Rise 5 Floors ,Acquisition / New Construction,Residential Families 80% @ 60% AMI and 20% Market Rate ,,7/28/2014 12:00:00 AM,17800000,,7/24/2029 12:00:00 AM,Sidney,38.97628082,-77.01909324,285375,25c1c597-4627-443d-a8e5-eae01cb718bc,10/13/2022 8:33:29 PM,398345.748266358,145372.451100282
104,Milestone Senior Housing,Ward 7,60,,"3605 Minnesota Ave SE, ",Washington,DC,20019,E & G,"Carlos Rios 571-488-6683, crios@eandggroup.com","E&G GROUP LLC, EQUITY PLUS MANAGER LLC, and TURNAROUND INC.",,JPMORGAN CHASE BANK NA,Under Construction,Non Risk Share,,Mid Rise 4 Floors,New Construction,Seniors 55+ 100 @ 50% AMI or less,LRSP,11/30/2018 12:00:00 AM,5500000,5/9/2038,11/26/2033 12:00:00 AM,Clarence,38.88783246,-76.95407997,32977,142dd926-2ea9-4142-a208-f673c25ec9eb,10/13/2022 8:33:29 PM,403984.157375341,135554.746113439
105,N Street Village,Ward 2,95,2016,"1333 N St NW, ",Washington,DC,20005,WC Smith,Cynthia Bertolotti 202-408-3217 cynthiab@wcsmith.com,"Lincoln Westmoreland Housing, Inc. ","CT Associates, ",BANC OF AMERICA PUBLIC CAPITAL,Active,Non Risk Share,,Mid Rise 8 Floors,Acquisition / Rehab / New Construction,Homeless Women 100 @ 60% AMI or less,LRSP,3/24/2016 12:00:00 AM,8500000,3/1/2048,3/21/2031 12:00:00 AM,Clarence,38.90756608,-77.03142561,298405,e6519509-8506-43b8-9ad4-8b963d1f97f0,10/13/2022 8:33:29 PM,397274.508974176,137744.80207924
106,New Lincoln Westmoreland,Ward 2,110,1971,"1710 7th Street, NW",Washington,DC,20001,"Charles Tini & Associates, LLC",Tasha Etienne   tetienne@thectgroupllc.com,"Lincoln Westmoreland Housing, Inc. ","CT Associates, ",,Redeemed,Non Risk Share,2016,High Rise 10 Floors,Acquisition / Rehab,Residential Families 100 @ 60% AMI or less,Section 8 HAP Contract,11/19/2014 12:00:00 AM,15000000,,11/15/2029 12:00:00 AM,,38.9130217,-77.02219778,311198,aad27afe-8a3d-4f5e-8bde-67822a95a8ba,10/13/2022 8:33:29 PM,398075.028790767,138350.185527072
107,North Capital Commons,Ward 6,124,2015,"1005 North Capitol St NE, ",Washington,DC,20002,"McCormack Baron Salazar, Inc","Brodie, Claudia <Claudia.Brodie@McCormackBaron.com>","North Capitol Commons, LP / McCormack Baron Salazar",,,Redeemed,Non Risk Share,2014,High Rise 14 Floors,Acquisition / New Construction,Formerly Homeless Veterans,LRSP,8/29/2014 12:00:00 AM,16750000,,8/25/2029 12:00:00 AM,Sidney,38.90299395,-77.00864201,310452,f3891e1c-2918-4d32-850c-4e21bf220115,10/13/2022 8:33:29 PM,399250.588359422,137236.824904571
108,NorthWest PhaseOne,Ward 6,220,2020,"2 L Street NW, ",Washington,DC,20001,Kettler,,,,,Under Construction,Non Risk Share ,2020,Mid Rise 7 Floors,Acquisition / Rehab,,,10/16/2020 12:00:00 AM,29900000,,10/13/2035 12:00:00 AM,Sidney,38.90353787,-77.00990033,300442,ce38a9d5-f441-4857-8816-4ca2caf5579f,10/13/2022 8:33:29 PM,399141.447972936,137297.215494732
109,Ontario Courts,Ward 1,27,1922,"2525 Ontario Road, NW",Washington,DC,20009,Jubilee,"Dorothy Larimer, dlarimer@jubileehousing.org",Jubilee Ontario Apartments LP,"Dorothy Larimer, dlarimer@jubileehousing.org",UNITED BANK,Redeemed,Non Risk Share,2014,Garden,Acquisition / Rehab,Residential Families 100 @ 60% AMI or less,LRSP,3/27/2015 12:00:00 AM,4810000,10/1/2031,3/23/2030 12:00:00 AM,Clarence,38.92381287,-77.04002737,235734,3d4b566c-f45a-4bd6-b3c3-78f9ca8c13df,10/13/2022 8:33:29 PM,396529.229252768,139548.622602415
110,Park 7 at Minnesota Benning ,Ward 7,376,2014,"4020 Minnesota Avenue, NE",Washington,DC,20019,Whitney Management Corp,Steve@dkdevelopment.com / Ryan@dkdevelopment.com 301-654-0700 ,"Donatelli Development and Blue Sky Construction, ",Steve@dkdevelopment.com 301-654-0700 ,BANC OF AMERICA PUBLIC CAPITAL,Active,Non Risk Share,2012,Mid Rise 5 Floors ,New Construction,Residential Families 70 @ 60% AMI and 30% Market Rate,,8/9/2012 12:00:00 AM,45250000,2/1/2046,8/6/2027 12:00:00 AM,Clarence,38.89592416,-76.94893498,310430,dae6311e-3332-446a-91d3-94e09f179d6e,10/13/2022 8:33:29 PM,404430.027224393,136453.225159481
111,Park Southern Apts ,Ward 8,358,1965,"800 Southern Ave SE,",Washington,DC,20032,Vesta,,Vesta Corporation,,,Under Construction,Non Risk Share ,2020,High Rise 12 Floors,Acquisition / Rehab,"Residential Families 48% @ 60%, 37% @ 50%, 6% @ 80%, 3% @ 30%, % 6% Market",The Department of Behavioral Health/ ,6/18/2020 12:00:00 AM,41690000,,6/15/2035 12:00:00 AM,Sidney,38.82735337,-76.99461836,79579,163d6408-56f2-4b0e-bb73-27288b356c00,10/13/2022 8:33:29 PM,400467.497464716,128840.14437616
112,Parkchester Apartments ,Ward 8,93,1952,"2704 Wade Road, SE",Washington,DC,20020,Edgewood,"Stacie Ringgold 301-562-1657 or 443-539-6123, sringgold@emcmgmt.com","Wade Road Investor LLC , NHP Foundation","Carlos Gonzales, cgonzales@nhpfoundation.org","CITIBANK, N.A.",Active,Non Risk Share,2018,Low Rise 3 Floors ,Acquisition / Rehab,Residential Families 100 @ 50% AMI ,HAP Contract,9/15/2016 12:00:00 AM,11200000,9/1/2048,9/12/2031 12:00:00 AM,Clarence,38.85854529,-76.99712642,278231,496eb8bd-60d2-4a70-8bd6-3ce673d44574,10/13/2022 8:33:29 PM,400249.608217929,132302.653361968
113,Parkside Senior (Victory Square Project ),Ward 7,98,2012,"600 Barnes Street, NE",Washington,DC,20019,Habitat  America,"Michelle Farrell, mfarrell@habitatamerica.com","Parkside Senior Housing, LLC","Jenn O'dell, jodell@habitatamerica.com",,Active,Non Risk Share,2012,Mid Rise 4 Floors  ,New Construction,Seniors 55+ 100 @ 60% AMI or less,,2/15/2011 12:00:00 AM,7132000,2/1/2043,2/11/2026 12:00:00 AM,Sidney,38.90008239,-76.95234136,307298,d99bee39-da55-42ca-abd9-848dc4f0ccb5,10/13/2022 8:33:29 PM,404134.286905065,136914.661923581
114,Parkside Terrace (The Overlook at Oxon Run),Ward 8,316,1960,"3700 9th Street, SE",Washington,DC,20032,"Enterprise Residential, LLC","Baker, Kristie <kbaker@enterpriseresidential.org>","Parkside Terrace Development, LLC / Community Preservation and Development Corporation ",,UNION BANK OF CALIFORNIA NA,Active,Non Risk Share,2008,High Rise 12 Floors,Acquisition / Rehab,"Seniors, Residential Families 100 @ 60% or less", Section 8 HAP Contract,12/28/2007 12:00:00 AM,36800000,1/1/2045,12/24/2022 12:00:00 AM,Clarence,38.83595933,-76.99406416,278421,6f150cc0-364f-40ec-8543-fbbf5f81adc0,10/13/2022 8:33:29 PM,400515.55776599,129795.466694002
115,Parkway Overlook,Ward 8,220,2020,"2841 Robinson Place, SE",Washington,DC,20020,DCHA,,DCHA,,CEDE & CO,Under Construction,Non Risk Share,2020,Garden ,Acquisition / Rehab,Residential Families 100 @ 50% AMI or less,,2/7/2018 12:00:00 AM,38041000,9//2021 - 3/1/2036,2/3/2033 12:00:00 AM,Sidney,38.85068067,-76.98680911,45641,b1ea205b-1e6a-4c6e-ae6d-47df0eb4d1b3,10/13/2022 8:33:29 PM,401145.217594028,131429.703279062
116,Paul Laurence Dunbar Apartments (Campbell Heights),Ward 1,171,1978,"2001 15th Street, NW",Washington,DC,20009,Winn Residential,Stacie Ringold sringold@winnco.com  (Regional Manager)   Kareem Slater kslater@winnco.com  (Senior Vice President),Paul Lawrence Dunbar Apts. Limited Partnership ,,,Active,Non Risk Share,2011,High Rise 10 Floors,Acquisition / Rehab,Residential Families 100 @ 60% AMI or less,HAP Contract,6/15/2011 12:00:00 AM,18700000,,6/11/2026 12:00:00 AM,Sidney,38.9174725,-77.03417182,239975,bc0682b9-e54e-4dae-9d68-c93c96d3793d,10/13/2022 8:33:29 PM,397036.729106351,138844.581886056
117,Pentacle Apartments,Ward 7,182,2010,"1501 Benning Road, NE",Washington,DC,20002,Horning Brothers,"Jay Berkowitz 202-659-0700 x 202,  jberkowitz@horningbrothers.com","Pentacle Limited Partnership, ","Jay Berkowitz 202-659-0700 x 202, jberkowitz@horningbrothers.com",CEDE & CO,Active,Non Risk Share,2010,Garden / Townhouse,Acquisition / Rehab / New Construction,Residential Families 100 @ 60% AMI or less,Section 8 HAP Contract,11/1/2008 12:00:00 AM,11560000,11/1/2039,10/29/2023 12:00:00 AM,Sidney,38.89935524,-76.98335655,295932,c7d5275d-d90d-490d-9818-9ff378cd04ce,10/13/2022 8:33:29 PM,401443.928005439,136832.995000646
118,Petworth Station (Petworth Place),Ward 4,88,1936,"930 Randolph Street, NW",Washington,DC,20011,WC Smith,"Rochelle Williams, rochellewilliams@wcsmith.com",William C. Smith & Co./Petworth Station LP,"Rochelle Williams , rochellewilliams@wcsmith.com",CEDE & CO,Under Construction,Risk Share ,2018,Mid Rise ,Acquisition / Rehab / New Construction,Residential Families 100 @ 60% AMI or less,,4/4/2019 12:00:00 AM,12525000,3/1/2040,3/31/2034 12:00:00 AM,Sidney,38.93842345,-77.025935,225073,3d6cbbae-2de5-4081-a157-7ba9e6e7f4c3,10/13/2022 8:33:29 PM,397751.708308892,141170.081463685
119,Plaza West,Ward 6,223,,"307 K St NW, ",Washington,DC,20001,Columbus Property Management,,"Plaza West, LLC",,,Redeemed,Non Risk Share ,,High Rise 12 Floors,Acquisition / New Construction,"Grand-Families, Residential Families 100 @ 60% AMI or Less",LRSP,,,,12/27/1914 12:00:00 AM,Clarence ,38.9027603,-77.0154418,312744,c893cae2-5ac5-470f-ac1a-8075b220e150,10/13/2022 8:33:29 PM,398660.768788023,137210.965690017
120,Pomeroy Gardens ,Ward 8,60,1964,"2408 Pomeroy Road, SE",Washington,DC,20020,Residential One,"Louis Sigalas 301-939-4488, lsigalas@res1.net",NPCDC ,"Brian Moore 757-508-6885, bmoore@npcdc.org",,Active,Non Risk Share,2016,Garden,Acquisition / Rehab / New Construction,Residential Families 100 @ 60% AMI or less,,,,,12/27/1914 12:00:00 AM,Sidney,38.85502541,-76.9871279,287027,b0aef176-b197-4b32-9562-f15d24e489db,10/13/2022 8:33:29 PM,401117.477409395,131911.996284797
121,Portner Flats,Ward 1,96,2018,"1400 V Street, NW",Washington,DC,20009,"Habitat America, LLC",Jennifer O'Dell  jodell@habitatamerica.com,"Someset Development, The Johnathan Roae Comp. ",,,Redeemed,,2016,High Rise 8 Floors,Acquisition / New Construction,Residential Families 100 @ 60% AMI or less,Section 8 HAP Contract,7/1/2016 12:00:00 AM,27000000,,6/28/2031 12:00:00 AM,Sidney,38.91788495,-77.0333758,298461,dc79a6c9-487a-4d4f-b420-0a285f170cab,10/13/2022 8:33:29 PM,397105.778766507,138890.341735505
122,Providence Place Apartments ,Ward 7,93,2019,"601 50th St NE, ",Washington,DC,20019,Atlantic Pacific Management,"Israel Perez 941-421-7382, iperez@apcommunities.com","Atlantic Pacific Communities, LLC
Urban Matters Development Partners
Progressive National Baptist Convention Community Development Corporation","Israel Perez, iperez@apcommunities.com",CEDE & CO,Under Construction,Non Risk Share,2019,Low Rise 4 Floors,New Construction,Residential Families 100 @ 60% AMI or less,LRSP,8/22/2019 12:00:00 AM,19700000,3/1/2023 - 9/1/2037,8/18/2034 12:00:00 AM,Clarence,38.89663922,-76.92908719,289784,08efb1a2-3cc7-41f0-ac2e-6031e879a3b7,10/13/2022 8:33:29 PM,406151.737211844,136533.752717604
123,R Street,Ward 2,130,1912,"1400 R Street, NW",Washington,DC,20009,Edgewood,"Stacie Ringgold 301-562-1657 or 443-539-6123, sringgold@emcmgmt.com","National Housing Trust, ","Edward Pauls, epauls@nhtinc.org",EMBASSY & CO,Active,Non Risk Share,2008,Garden,Acquisition / Rehab / New Construction,Residential Families 95% @ 60% AMI or less and Market,Section 8 HAP Contract,9/28/2007 12:00:00 AM,12300000,9/1/2051,9/24/2022 12:00:00 AM,Sidney,38.91235807,-77.03401487,240207,8f928915-c182-4c0a-b41b-fd24671303ca,10/13/2022 8:33:29 PM,397050.128658401,138276.832694015
124,Randle Hill Apartments ,Ward 8,195,2018,"3300 6th St SE, ",Washington,DC,20032,Edgewood,"Stacie Ringgold 301-562-1657 or 443-539-6123, sringgold@emcmgmt.com",Randle Hill LLC,,CEDE & CO,Under Construction,Risk Share ,2020,Mid Rise ,Acquisition / Rehab,Residential Families 100 @ 60% AMI or less,,9/27/2019 12:00:00 AM,25420000,9/1/2039,9/23/2034 12:00:00 AM,Sidney,38.83983824,-76.99816257,297993,fc5c64e2-045f-4baf-99c7-6a6708c7dcf6,10/13/2022 8:33:29 PM,400159.718099737,130226.037031914
125,Residence at Georgia Ave,Ward 4,72,2009,"4100 Georgia Avenue, NW",Washington,DC,20011,Residential One,"Louis Sigalas 301-939-4488, lsigalas@res1.net",4100 Georgia Avenue Limited Partnership ,,,Active,Non Risk Share,2008,Mid Rise 6 Floors,Acquisition / New Construction,Residnetial Families 100 @ 60% AMI or less,Section 8 HAP Contract,8/1/2007 12:00:00 AM,13000000,2/1/2051,7/28/2022 12:00:00 AM,Sidney,38.94101511,-77.02577445,300492,41398613-c8a2-45a2-9f3d-9ff0e9ee87d7,10/13/2022 8:33:29 PM,397765.708766621,141457.77460173
126,Residences at Kenilworth Park ,Ward 7,157,2021,"4501 Quarles Street, NE, Washington, DC 20019",Washington,DC,20019,HallBridge Partners,,The Residences at Kenilworth Park,,,Under Construction,Non Risk Share,2020,Mid Rise,New Construction,,,8/28/2020 12:00:00 AM,58000000,,8/25/2035 12:00:00 AM,Clarence,38.91171418,-76.93664621,156067,d156b843-1d09-4d9d-a7d3-108dfd7a1f86,10/13/2022 8:33:29 PM,405494.846699016,138206.712429417
127,Ritch Homes,Ward 2,46,1912,"1420 R Street NW, ",Washington,DC,20009,The Franklin Johnston Group,,,,,Under Construction,Non Risk Share ,2021,Low Rise 4 Floors,Acquisition / Rehab,,,12/28/2020 12:00:00 AM,17750000,,12/25/2035 12:00:00 AM,,38.91235692,-77.03299387,240186,2d14c58f-2396-467c-889d-4fabb0ae6c49,10/13/2022 8:33:29 PM,397138.678731097,138276.6725332
128,Royal Courts (Bowling Green),Ward 8,126,2003,"3719 4th St SE, Washington",Washington,DC,20032,Residential One,Tiffany Thorn - tthorn@res1.net,Bowling Green Apartments Limited Partnership,,,Active,Non Risk Share,2004,Garden,New Construction,Residential Families 100 @ 60% AMI ,,6/1/2003 12:00:00 AM,10740000,,5/28/2018 12:00:00 AM,Sidney,38.83677795,-77.00178771,147492,5792f651-c304-429d-beed-a82114ae3da1,10/13/2022 8:33:29 PM,399844.987644641,129886.323857789
129,Samuel J. Simmons NCBA Estates,Ward 1,174,1981,"2801 14th Street, NW",Washington,DC,20009,NCBA Housing Management,Neeve Wallace nwallace@nbcahmc.com,Samuel J. Simmons NCBA Estates No.1 LP,"Miamah Pinkard 202-595-9188, mpinkard@ncbahmc.com",,Active,Non Risk Share,2011,High Rise 10 Floors,Acquisition / Rehab,Seniors 100 @ 60% AMI or less ,HAP Contract,12/16/2010 12:00:00 AM,26000000,7/1/2033 - 1/1/2044,12/12/2025 12:00:00 AM,Sidney,38.92621339,-77.03196628,231582,ca0756ea-7786-4536-97c3-e8299df7d886,10/13/2022 8:33:29 PM,397228.339051827,139814.825062065
130,Samuel Kelsey Apartments*,Ward 1,150,1923,"3322 14th Street, NW",Washington,DC,20010,Winn Residential,Risha Williams rkwilliams@winnco.com (Divisional Vice President),"WinnCompanies, LLC","Pearse O'Baoill, pobaoill@winnco.com",CEDE & CO,Active,Non Risk Share,1985,Mid Rise,Acquisition / Rehab,Residential Families 40 @ 60% AMI,Section 8/ HAP,12/21/2011 12:00:00 AM,24400000,12/1/2041 - 6/1/2041,12/17/2026 12:00:00 AM,Sidney,38.93089038,-77.03297246,284634,0c7ac372-e1ba-4e2d-9aeb-75b4d444e694,10/13/2022 8:33:29 PM,397141.278742428,140334.042057091
131,Savannah Apartments,Ward 8,65,1947,"1301 Savannah Street, SE",Washington,DC,20032,Quantum Property Management Corporation,,NHT Communities,,Freddie Mac via Prudential,Under Construction,Non Risk Share,2020,Garden Style 14 Buildings,Acquisition / Rehab,"Residential Families 78% @ 50% 11% @ 60%, & 11% @ 30% AMI",,10/9/2020 12:00:00 AM,11500000,,10/6/2035 12:00:00 AM,Sidney,38.84310607,-76.98815455,155736,9ed4d628-0368-4380-982c-ad54bf44a43e,10/13/2022 8:33:29 PM,401028.537349953,130588.853762631
132,Savannah Heights,Ward 8,100,2004,"251 Savannah Street, SE",Washington,DC,20032,Residential One,Vickie Janes  VJANES@RES1.NET,The National Housing Trust – Enterprise Preservation Corporation (NHT-Enterprise),,,Redeemed,Non Risk Share,2004,Garden / Townhouse,Acquisition / New Construction,Residential Families 100 @ 60% AMI or less,,9/1/2004 12:00:00 AM,7895000,,8/29/2019 12:00:00 AM,,38.84164396,-77.00126557,302726,f3bcd19f-4c5d-4a15-9eb4-0328a160dabd,10/13/2022 8:33:29 PM,399890.327718944,130426.48352786
133,Senior Residences at Southern Ave ,Ward 8,152,,306 Southern Ave SE,Washington,DC,20032,DP management and Priority Life Care ,Corey Powell ,"Dantes Partners,",Stephen@dantespartners.com,,Under Construction,Non Risk Share,2019,Mid Rise 5 Floors ,New Construction,Seniors 60+ 100 @ 60% or less,,6/13/2019 12:00:00 AM,50000000,6/1/2039,6/9/2034 12:00:00 AM,Sidney,38.82201723,-77.00095925,277854,8dde4ccf-890d-45ce-8246-b99f8b676a53,10/13/2022 8:33:29 PM,399916.897888386,128247.784336339
134,Severna II,Ward 6,133,2012,"43 K Street NW, Washington DC",Washington,DC,20001,Columbus Property Management,Erica Marshall - emarshall@columbuspm.org/ Mary Jo Salazar - msalazar@missionfirsthousing.org/  Jessica Moore <jmoore@missionfirsthousing.org>,"Mission First Housing Development Corporation, ","Sarah Constant 202-374-8761 , sconstant@missionfirsthdc.org",BANC OF AMERICA PUBLIC CAPITAL,Active,Non Risk Share,2012,High Rise 9 Floors,New Construction,Residential Families 75% @ 60% AMI or less and 25% Market Rate ,,12/21/2012 12:00:00 AM,17600000,12/1/2049,12/18/2027 12:00:00 AM,Clarence,38.90278101,-77.01162479,310112,d5648f77-977e-4351-a222-dd4c7cd1671b,10/13/2022 8:33:29 PM,398991.858397259,137213.215576011
135,Sheridan Station I (The Lofts at Sheridan Station),Ward 8,114,2011/2012,"2516 Sheridan Road, SE",Washington,DC,20020,WC Smith,Simone Ried (sreid@wcsmith.com),"Sheridan, LP",,BANC OF AMERICA PUBLIC CAPITAL,Active,Non Risk Share,2012,Mid Rise 5 Floors ,Acquisition / New Construction,"Seniors, Residential Families 100 @ 60% or less",ACC,4/13/2010 12:00:00 AM,14000000,10/1/2040,4/9/2025 12:00:00 AM,Clarence,38.86013163,-76.9933016,308345,e7973732-52fa-4427-b0ef-bbd6f29cc9cb,10/13/2022 8:33:29 PM,400581.567708188,132478.765940528
136,Sheridan Station III,Ward 8,133,2014,"2516 Sheridan Road, SE",Washington,DC,20020,WC Smith,Simone Ried (sreid@wcsmith.com),"Sheridan Station South, LP",,SUNTRUST BANK,Active,Non Risk Share,2012,Townhomes / Flats / Cottages,Acquisition / New Construction,Residential Families 100 @ 60% AMI or less,,8/5/2013 12:00:00 AM,22945000,,8/1/2028 12:00:00 AM,Clarence,38.86013163,-76.9933016,308345,83a1a517-a589-4363-9842-032361041b95,10/13/2022 8:33:29 PM,400581.567708188,132478.765940528
137,Shipley Park,Ward 8,250,1950,"2532 Southern Avenue, SE, Ste. A",Washington,DC,20020,WC Smith,Deonca Tyree - dtyree@wcsmith.com,Dawnn Leary /  WC Smith,,CEDE & CO,Active,Non Risk Share,2007,Garden,Acquisition / Rehab,Residential Families 95% @ 60% AMI + 5% @ Market Rate ,,7/1/2005 12:00:00 AM,11920000,6/1/2038,6/27/2020 12:00:00 AM,Clarence,38.84752051,-76.96804096,278176,261a1ea4-7c2f-400c-afd8-47dd569674a3,10/13/2022 8:33:29 PM,402774.487455861,131079.306178634
138,Skyline Apartments ,Ward 8,398,,"2549 & 2400 Elvans Rd, Washington, D.C., 20020",washington,DC,20020,Arco Management,,"Redwood Housing Capital, LLC/ Skyline, LP","Felipe Serpa, felipe@redwoodhousing.com",,Under Construction,Non Risk Share,2020,Garden,Acquisition / Rehab,Residential Families 100 @ 60% AMI or less,Section 8/ HAP,3/31/2020 12:00:00 AM,72400000,,3/28/2035 12:00:00 AM,Clarence,38.85494866,-76.99128143,296117,a9c0faa3-4811-4aff-8cfe-1b5495922466,10/13/2022 8:33:29 PM,400756.957899582,131903.433862172
139,SOME Benning RD (Conway Center),Ward 7,182,,"120 45th Street, NE",Washington,DC,20019,SOME,"Suzanne Bond , sbond@some.org",SOME,"Suzanne Bond, sbond@some.org",,Active,Non Risk Share,2016,Mid Rise 7 Floors,Acquisition / Rehab / New Construction,Homeless 100 @ 60% AMI or less,"LRSP, Section 8/ HAP",10/1/2015 12:00:00 AM,8300000,2/1/2058,9/27/2030 12:00:00 AM,Sidney,38.89142016,-76.93796318,312914,f0f710bc-88ca-4bc2-ada4-25a5e7d4c394,10/13/2022 8:33:29 PM,405382.157321852,135953.835424592
140,SOME I - Scattered Site I (Chesapeake Street),Ward 8,245,1936,"736 Chesapeake St SE,",Washington,DC,,SOME,"DeChanta Jackson - djackson@some.org
Main: 202-797-8806 
Direct: 202-753-8597
","Supportive Housing Opportunities, LLC",,CEDE & CO,Active,Non Risk Share,2013,Garden,Acquisition / Rehab,Residential Families 100 @ 60% AMI or less,LRSP,8/9/2010 12:00:00 AM,18300000,,8/5/2025 12:00:00 AM,Sidney,38.82944679,-76.99540871,155869,5fe15471-924c-469c-81c2-418a7ff2836c,10/13/2022 8:33:29 PM,400398.857964416,129072.524183776
141,SOME I - Scattered Site I (Good Hope Road),Ward 8,245,1936,"1667 Good Hope Rd SE,",Washington,DC,,SOME,"DeChanta Jackson - djackson@some.org
Main: 202-797-8806 
Direct: 202-753-8597
","Supportive Housing Opportunities, LLC",,CEDE & CO,Active,Non Risk Share,2013,Garden,Acquisition / Rehab,Residential Families 100 @ 60% AMI or less,LRSP,8/9/2010 12:00:00 AM,18300000,,8/5/2025 12:00:00 AM,Sidney,38.86553582,-76.97978528,58175,89f62841-bb70-4628-b40b-1d3a807d0594,10/13/2022 8:33:29 PM,401754.547737834,133078.843245301
142,SOME I - Scattered Site I (Texas Ave),Ward 7,245,1936,"2872 Texas Ave SE,",Washington,DC,,SOME,"DeChanta Jackson - djackson@some.org
Main: 202-797-8806 
Direct: 202-753-8597
","Supportive Housing Opportunities, LLC",,CEDE & CO,Active,Non Risk Share,2013,Garden,Acquisition / Rehab,Residential Families 100 @ 60% AMI or less,LRSP,8/9/2010 12:00:00 AM,18300000,,8/5/2025 12:00:00 AM,Sidney,38.86785168,-76.967035,148093,57ded036-4d29-4e6a-ad57-3f7a020e950c,10/13/2022 8:33:29 PM,402860.997551211,133336.242990813
143,SOME I - Scattered Site I (50th Street,Ward 7,245,1936,"350 50th St SE,",Washington,DC,,SOME,"DeChanta Jackson - djackson@some.org
Main: 202-797-8806 
Direct: 202-753-8597
","Supportive Housing Opportunities, LLC",,CEDE & CO,Active,Non Risk Share,2013,Garden,Acquisition / Rehab,Residential Families 100 @ 60% AMI or less,LRSP,8/9/2010 12:00:00 AM,18300000,,8/5/2025 12:00:00 AM,Sidney,38.88426404,-76.93067424,34089,c1f93556-ac2b-4c03-8550-db364f47ff7f,10/13/2022 8:33:29 PM,406015.107151024,135159.905796897
144,SOME I - Scattered Site I (South Capitol),Ward 8,245,1936,3828 South Capitol St SE,Washington,DC,,SOME,"DeChanta Jackson - djackson@some.org
Main: 202-797-8806 
Direct: 202-753-8597
","Supportive Housing Opportunities, LLC",,CEDE & CO,Active,Non Risk Share,2013,Garden,Acquisition / Rehab,Residential Families 100 @ 60% AMI or less,LRSP,8/9/2010 12:00:00 AM,18300000,,8/5/2025 12:00:00 AM,Sidney,38.83447415,-77.00777105,150769,79f151e6-f91d-4505-a8f9-0ade82d9650d,10/13/2022 8:33:29 PM,399325.48794956,129630.613639397
145,SOME II - Scattered Site II (The NY/NJ Building),Ward 6,101,1900,216 New York Ave NW,Washington,DC,,SOME,"
DeChanta Jackson - djackson@some.org
Main: 202-797-8806 
Direct: 202-753-8597
","Scattered Site II, LLC ","Suzanne Bond, sbond@some.org","CITIBANK, N.A.",Active,Non Risk Share,2013,Low Rise,Acquisition / Rehab,Homeless Veterans & Individuals 100 @ 60% AMI or less,HAP Contract,4/26/2013 12:00:00 AM,14912000,4/1/2033,4/22/2028 12:00:00 AM,Sidney,38.90526879,-77.01429947,285530,5b103511-66e6-4dc7-a37a-d1de62cb29ce,10/13/2022 8:33:29 PM,398759.898676169,137489.412185794
146,SOME II - Scattered Site II (The Fendall Building),Ward 8,101,1942,"2025 Fendall St SE,",Washington,DC,,SOME,"
DeChanta Jackson - djackson@some.org
Main: 202-797-8806 
Direct: 202-753-8597
","Scattered Site II, LLC ","Suzanne Bond, sbond@some.org","CITIBANK, N.A.",Active,Non Risk Share,2013,Low Rise,Acquisition / Rehab,Homeless Veterans & Individuals 100 @ 60% AMI or less,HAP Contract,4/26/2013 12:00:00 AM,14912000,4/1/2033,4/22/2028 12:00:00 AM,Sidney,38.86432598,-76.98022843,52616,9a8095d0-7835-4c03-89a8-11dd3ab0e090,10/13/2022 8:33:29 PM,401716.117715359,132944.533734006
147,SOME II - Scattered Site II (The Mellon Building),Ward 8,101,1941,523-525 Mellon St SE,Washington,DC,,SOME,"
DeChanta Jackson - djackson@some.org
Main: 202-797-8806 
Direct: 202-753-8597
","Scattered Site II, LLC ","Suzanne Bond, sbond@some.org","CITIBANK, N.A.",Active,Non Risk Share,2013,Low Rise,Acquisition / Rehab,Homeless Veterans & Individuals 100 @ 60% AMI or less,HAP Contract,4/26/2013 12:00:00 AM,14912000,4/1/2033,4/22/2028 12:00:00 AM,Sidney,38.84645898,-76.9991873,278559,8df37448-d700-46e8-8d6d-f60350093ed6,10/13/2022 8:33:29 PM,400070.747584667,130960.983683715
148,SOME North Capitol ,Ward 5,139,2021,1515 North Capitol Street NE,Washington ,DC,20002,SOME,,"SOME, Inc. ",,Freddie Mac,Under Construction,Non Risk Share,2021,High Rise 14 Floors,New Construction,Former Homeless/ Single Adults - 60% @ 30% and 40% @ 50% AMI,SOME Social Services,,,,,Sidney,38.91003245,-77.0086416,336620,c2e7478d-77d6-4a73-85cc-82238caaef99,10/13/2022 8:33:29 PM,399250.697903346,138018.155576294
149,SOME Scattered Site III (Anna Cooper),Ward 2,87,,1338 R Street NW ,Washington,DC,,SOME,"Suzanne Bond , sbond@some.org","SOME, Inc. ","Suzanne Bond, sbond@some.org",,Under Construction,Non Risk Share,2020,Mid Rise,Acquisition / Rehab,Homeless Adults & Seniors,,4/24/2020 12:00:00 AM,10209969,,4/21/2035 12:00:00 AM,Sidney,38.91236859,-77.03115054,242888,99f20167-0dd1-4a8b-acf5-37257e418ad9,10/13/2022 8:33:29 PM,397298.549000915,138277.911828941
150,SOME Scattered Site III (Walter Reed - Building 17),Ward 4,87,,"1359 Aspen Street, NW ",Washington,DC,,SOME,"Suzanne Bond , sbond@some.org","SOME, Inc. ","Suzanne Bond, sbond@some.org",,Under Construction,Non Risk Share,2020,Mid Rise,Acquisition / Rehab,Homeless Adults & Seniors,,4/24/2020 12:00:00 AM,10209969,,4/21/2035 12:00:00 AM,Sidney,38.97246496,-77.03188179,335188,5ccc2077-c406-431d-978e-961afea6ad20,10/13/2022 8:33:29 PM,397237.458590546,144949.163580188
151,SOME Spring Road,Ward 4,37,1923,"1435 Spring Road, NW",Washington,DC,20010,SOME,"Suzanne Bond , sbond@some.org","SOME, Inc. ","Suzanne Bond, sbond@some.org","CITIBANK, N.A.",Under Construction,Non Risk Share,2018,Mid Rise,Acquisition / Rehab,Homeless 100 @ 30% AMI ,LRSP,5/10/2017 12:00:00 AM,10200000,6/1/2050,5/6/2032 12:00:00 AM,Sidney,38.93766746,-77.03439454,259014,6741aa3f-0cc8-48fb-ab23-96d5a9eb1a10,10/13/2022 8:33:29 PM,397018.258943303,141086.4023087
152,South Capitol Apts ,Ward 8,195,2018,4001 South Capitol St SE,washington,DC,20032,The Micheals Organization,"Charles Durnin, cdurnin@tmo.com",South Capitol Improvements LLC,"Mike Pilla , mpilla@tmo.com",JPMORGAN CHASE BANK NA,Under Construction,Non Risk Share,,Mid Rise 6 Floors,New Construction,Residential Families 100 @ 60% AMI or less,"LRSP, PSH",2/10/2017 12:00:00 AM,30000000,8/1/2019 - 8/1/2037,2/7/2032 12:00:00 AM,Clarence,38.83092483,-77.00802392,276615,cfc56d7d-ff11-48f4-b4e3-91fd1b5505b4,10/13/2022 8:33:29 PM,399303.498244489,129236.617126839
153,Southview I & II (Orchard Park Apartments),Ward 8,257,1959,"3627 22nd Street, SE",Washington,DC,20020,WC Smith,Larvetta Tyree - orchardpark@wcsmith.com,Dawnn Leary /  WC Smith,,FEDERAL HOME LOAN MORTGAGE CORPORATION,Active,Non Risk Share,2008,Garden,Acquisition / Rehab,Residential Families 100 @ 60% AMI or less,Section 8 HAP Contract,6/1/2006 12:00:00 AM,13200000,6/1/2048,5/28/2021 12:00:00 AM,Clarence,38.84524008,-76.97298286,299401,a59ebffa-6293-40c8-a38a-101eec5488d0,10/13/2022 8:33:29 PM,402345.56760343,130826.023986929
154,Spring Flats Family,Ward 4,87,2021,"1125 Spring Rd NW, ",Washington,DC,20010,Habitat America,"Michelle Farrell, mfarrell@habitatamerica.com","Victory Housing, Inc/ Brinshore Development, LLC/ Bank of America",,,Under Construction,Non Risk Share ,2020,Mid Rise 6 Floors,New Construction,Residential Families,,9/15/2020 12:00:00 AM,19114000,,9/12/2035 12:00:00 AM,Sidney,38.9361746,-77.02847271,283920,692f9712-c83a-47a2-8640-4fc260b8a2e6,10/13/2022 8:33:29 PM,397531.618292565,140920.504997529
155,Spring Flats Senior ,Ward 4,43,2021,1125 Spring Rd NW,Washington,DC,20010,Habitat  America,"Michelle Farrell, mfarrell@habitatamerica.com",Victory Housing ,,,Under Construction,Non Risk Share,2020,Garden / Townhouse,New Construction,Seniors 55+,,4/29/2020 12:00:00 AM,7092600,,4/26/2035 12:00:00 AM,Sidney,38.9361746,-77.02847271,283920,2857e156-1830-4a84-86a8-ce6684dbc13f,10/13/2022 8:33:29 PM,397531.618292565,140920.504997529
156,Sr. Housing @ O Street aka Hodge On 7th,Ward 2,90,2014,"1490 7th St NW,",Washington,DC,20001,Bozzuto,"Lisa Halliwill 301-623-1577, lhalliwill@bozzuto.com","Roadside Development , LLC ","Bozzuto Management,",JPMORGAN CHASE BANK NA,Active,Non Risk Share,2012,Mid Rise 9 Floors,Acquisition / New Construction,Seniors 55+ 100 @ 60% AMI or less,,3/5/2013 12:00:00 AM,13010000,9/1/2033,3/1/2028 12:00:00 AM,Sidney,38.90942339,-77.02213775,310635,5f3bd417-03e1-47da-8b8c-bff5bcc0ae71,10/13/2022 8:33:29 PM,398080.138198221,137950.742291076
157,St. Elizabeths ,Ward 8,252,2018,"1100 Alabama Ave SE,",washington,DC,20032,Flaherty & Collins Management,"Duane Miller 202-802-1160, dmiller@flco.com","Flaherty Collins , AEDC",Stan,Western Alliance Business Trust,Under Construction,Non Risk Share,2018,Mid Rise 4 Floors,Acquisition / Rehab,Residential Families 80 @ 50% AMI and Market Rate ,"LRSP, PSH",10/26/2018 12:00:00 AM,52400000,11/1/2061,10/22/2033 12:00:00 AM,Clarence,38.84826586,-76.98840517,307946,300d23db-6e48-4043-ac50-109fe43aabf0,10/13/2022 8:33:29 PM,401006.707531765,131161.623585297
158,St. Paul Senior Living,Ward 8,56,2006,"114 Wayne Place, SE",Washington,DC,20032,American Apartment Management,"Deedra Burroughs, deedra.burroughs@aamci.com",,Pansy Douglas 865-525-7500 ext 238,,Active,Risk Share ,2014,Low Rise 4 Floors ,,Seniors 55+,,8/19/2003 12:00:00 AM,4180000,,8/15/2018 12:00:00 AM,Clarence,38.83574953,-77.00535198,149796,c9290d41-5e51-4b86-9523-c1d7d4a08009,10/13/2022 8:33:29 PM,399535.528441827,129772.174358097
159,ST. Stephens (4000 Benning Road),Ward 7,71,2017,"4000 Benning Road, NE",Washington,DC,20019,Pennrose Management,"Alexis Paone 267-386-8722, apaone@pennrose.com","Pennrose, LLC ","Gabriela Mosquera, 267-386-8724","CITIBANK, N.A.",Active,Non Risk Share,,Mid Rise 4 Floors,New Construction,Residential Families 100 @ 50% AMI or less,,2/1/2016 12:00:00 AM,10500000,2/1/2049,1/28/2031 12:00:00 AM,Clarence,38.89420842,-76.94629405,312333,71c9d9cc-4139-481d-a013-ad6cb4c916a8,10/13/2022 8:33:29 PM,404659.236749754,136262.895966758
160,Stanton Glen,Ward 8,378,2018,"3040 Stanton Road, SE",Washington,DC,20020,Castle Management,"Tina Gaffney, tinagaffney@castlemgmt.com","Kisha/Castle Development, Inc.",,,Redeemed,Non Risk Share,2018,Garden,,,,12/1/1999 12:00:00 AM,25000000,,11/27/2014 12:00:00 AM,Clarence,38.85169595,-76.98003585,287417,746ebd04-3f8e-49c6-a394-a25551472c00,10/13/2022 8:33:29 PM,401733.137780175,131542.513281981
161,Stanton Square Apartments ,Ward 8,121,2017,2395 Pomeroy Rd,Washington,DC,20020,Horning Brothers,"Jeff Milota , jmilota@horningbrothers.com","Sunrise Development Corporation
Horning Brothers","Amber Carter, acarter@horningbrothers.com",JPMORGAN CHASE BANK NA,Under Construction,Non Risk Share,2019,Garden,New Construction,Residential Families 100 @ 50% AMI or less,"LRSP, PSH",3/29/2019 12:00:00 AM,23098000,10/29/2039,3/25/2034 12:00:00 AM,Clarence,38.85574008,-76.98658213,317245,993e312a-365c-4227-ab5d-649ea98804f1,10/13/2022 8:33:29 PM,401164.837787354,131991.336576902
162,Takoma Place Apts ,Ward 4,106,,"6676 Georgia Ave, NW",Washington,DC,20012,Winn Residential,Felicia White-  fwhite@winnco.com (Senior Property Manager)  Stacie Ringold sringold@winnco.com,"NHP Foundation , ","David Eubanks, deubanks@nhpfoundation.org",Western Alliance Business Trust,Under Construction,Non Risk Share,2018,Garden,Acquisition / Rehab,Residential Families 100 @ 60% AMI,,11/30/2018 12:00:00 AM,18125000,11/1/2060,11/26/2033 12:00:00 AM,Clarence,38.97209125,-77.0273625,253375,75b3ea8c-708a-43d8-b80d-9c2aff02ba0f,10/13/2022 8:33:29 PM,397629.068500494,144907.551128588
163,The Avenue (Park Morton),Ward 1,83,2012,"3506 Georgia Avenue, NW",Washington,DC,20010,Winn Residential,Michael Milko  - mmilko@winnco.com (Senior Property Manager) ,"Takoma Spring Place LP,",,CEDE & CO,Active,Non Risk Share,2011,Mid Rise 7 Floors,New Construction,Residential Families 100 @ 60% AMI or less,ACC,12/6/2010 12:00:00 AM,3640000,1/1/2044,12/2/2025 12:00:00 AM,Sidney,38.93341594,-77.02428122,302090,831c141d-986e-4fff-aeff-53674e4b1f51,10/13/2022 8:33:29 PM,397894.938405844,140614.16472253
164,The Beacon Center,Ward 4,99,2018,"6100 Georgia Ave, NW",Washington,DC,20011,The Community Builders,"Tamar Shaw, tamar.shaw@tcbinc.org, 202-795-2295","Beacon Center, LLC c/o The Community Builders","Jackie Alexander 202-552-2503, jalexander@tcbinc.org",JPMORGAN CHASE BANK NA,Active,Non Risk Share,2018,Garden,New Construction,Residential Families 100 @ 60% AMI or less,LRSP,9/16/2016 12:00:00 AM,21600000,9/1/2021 - 9/1/2041,9/13/2031 12:00:00 AM,Sidney,38.96416661,-77.02820581,253200,02329b67-7660-42eb-8e8e-3a1b527e66e8,10/13/2022 8:33:29 PM,397555.718650663,144027.86367165
165,The Bixby aka Lofts at Capitol Quarter,Ward 8,195,2015,601 L Street SE,Washington,DC,20003,Vantage,"Jill Boyd 301-280-6620, jboyd@urban-atlantic.com",Forest City/ Urban Atlantic - Square 882 N Owner LLC and Square 882N Affordable L.P. ,"LaToya Hardaway, lhardaway@vmimgmt.com","CITIBANK, N.A.",Active,Non Risk Share,2012,Mid Rise 5 Floors ,Acquisition / New Construction,Residential Families 20% @ 50% AMI and 80% Market Rate ,,12/20/2013 12:00:00 AM,42000000,12/1/2046,12/16/2028 12:00:00 AM,Clarence,38.87726387,-76.99728563,289693,0a285081-02de-4741-a86a-3c97a0ed84b1,10/13/2022 8:33:29 PM,400235.727967141,134380.553334459
166,The Clara,Ward 8,81,2021,"2323 Martin Luther King Jr. Avenue, Washington, DC 20020",Washington,DC,20020,,,,,,Under Construction,,,,,,,9/29/2021 12:00:00 AM,19738000,,9/25/2036 12:00:00 AM,,38.86321324,-76.99195966,48539,9d05dc52-a958-457d-b182-09bb71eb4b85,10/13/2022 8:33:29 PM,400698.00768226,132820.85640967
167,The Gregory (Highland Terrace),Ward 8,124,1966,"852 Barnaby Street, SE",Washington,DC,20032,Vesta,Tracy Joyce tjoyce@vestacorp.com,Vesta Corporation,,,Redeemed,,,,,,,11/1/1999 12:00:00 AM,4500000,,10/28/2014 12:00:00 AM,Sidney,38.83230413,-76.99130573,295928,4af6e781-6e60-4903-9597-fb440d7cab78,10/13/2022 8:33:29 PM,400755.08803954,129389.733982172
168,The Groves at Parkside,Ward 7,186,2017,"600 Kenilworth Terrace, NE",Washington,DC,20019,Edgewood,Tamike Mcllwain - groveparksidemngr@emcmgmt.com,Gilbane Development Company / CityInterests LLC,,WELLS FARGO MUNICIPAL CAPITAL,Active,Non Risk Share,2017,Mid Rise 6 Floors,New Construction,Residential Families 95% @ 60% & 5% @ 30% AMI,,12/23/2014 12:00:00 AM,21000000,11/1/2033,12/19/2029 12:00:00 AM,Clarence,38.89861997,-76.95051815,311058,a7c287e5-50ce-4a80-a576-0fbfba4c59d9,10/13/2022 8:33:29 PM,404292.526940552,136752.405798111
169,The Heights at Georgia Avenue (32 Thirty-Two Apts),Ward 1,69,2012,"3232 Georgia Avenue, NW",Washington,DC,20010,Residential One,"Thelma Kennedy, tkennedy@res1.net",Adrian Washington c/o 3232 Georgia Residential LLC,"Thelma Kennedy , tkennedy@res1.net","CITIBANK, N.A.",Active,Non Risk Share,2011,Mid Rise 6 Floors,Acquisition / New Construction,Residential Families 100 @ 60% AMI or less,,12/21/2011 12:00:00 AM,12377163,1/1/2045,12/17/2026 12:00:00 AM,Sidney,38.93081424,-77.02377529,308223,f35526ce-0e5c-42ef-829d-49479c8305fb,10/13/2022 8:33:29 PM,397938.72893591,140325.341982242
170,The Nannie Helen at 4800,Ward 7,70,2013,"4800 Nannie Helen Burroughs Ave, NE",Washington,DC,20019,MBM,"James Matheny 610-376-1824, jmatheny@mccormackbaron.com","A Wash & Associates, Inc.","Anthony L. Wash 202-388-4000, awash@awashassociates.com",CEDE & CO,Active,Non Risk Share,2012,Mid Rise 5 Floors ,New Construction,Residential Families 100 @ 60% AMI or less,ACC,4/30/2013 12:00:00 AM,550000,12/1/2044,4/26/2028 12:00:00 AM,Clarence,38.89911152,-76.93344534,302568,8cabfc83-0af7-4bbc-8c4f-9a70646b2515,10/13/2022 8:33:29 PM,405773.476730658,136807.912958551
171,The Solstice I  (3534 East Capitol),Ward 7,137,2019,"3534 East Capitol Street, NE",Washington,DC,20019,Kettler,"Todd Bolling 703-852-5659, tbolling@kettler.com","3534 East Cap Venture, LLC",James Murphy,JPMORGAN CHASE BANK NA,Active,Non Risk Share,2019,Low Rise,New Construction,Residential Families 100 @ 50% AMI or less,LRSP,11/2/2017 12:00:00 AM,21500000,5/1/2038,10/29/2032 12:00:00 AM,Sidney,38.89010789,-76.95318981,287970,84062859-8bf4-459d-814b-a142fb2ea84d,10/13/2022 8:33:29 PM,404061.256923511,135807.37572699
172,The Solstice II (3500 East Capitol),Ward 7,95,2019,3500 E Capitol St. NE,washington,DC,20019,Kettler,"Todd Bolling 703-852-5659, tbolling@kettler.com","MidAtlantic Realty Partners &
Taylor Adams Associates",Zeinab Abourawi 202-838-1262,JPMORGAN CHASE BANK NA,Under Construction,Non Risk Share,2019,Mid Rise 4 Floors,New Construction,Residential Families 100 @ 50% AMI or less,"LRSP, PSH",8/29/2019 12:00:00 AM,18600000,3/1/2040,8/25/2034 12:00:00 AM,Sidney,38.89018269,-76.9551041,331864,19cca592-465e-4cbc-8886-eb47fe8fd0ba,10/13/2022 8:33:29 PM,403895.17695498,135815.595695344
173,The Strand Residences ,Ward 7,86,2019,"5127 Nannie Helen Burroughs Avenue, N.E.",Washington,DC,20019,WC Smith,"Clare McCabe , cjmccabe@wcsmith.com",The NHP Foundation,"Scott Barkan, sbarkan@nhpfoundation.org",CEDE & CO,Under Construction,Non Risk Share,,Mid Rise 6 Floors,New Construction,Residential Families 100 @ 60% AMI or less,LRSP,7/1/2019 12:00:00 AM,19500000,2/1/2039,6/27/2034 12:00:00 AM,Clarence,38.89812328,-76.9263113,288522,bde8c323-9a15-4578-a71f-f79fb2ab4dc1,10/13/2022 8:33:29 PM,406392.406881151,136698.685820463
174,The Summit at St. Martin's,Ward 5,178,2010,"116 T Street, NE",Washington,DC,20002,TM Associates,"Robert Cunningham 240-683-0300 ext.722,rcunningham@tmamgroup.com",St. Martin's Apartments LP c/o CCS Housing Inc.,"Robert Cunningham, 240-683-0300 ext 722",,Active,Non Risk Share,2010,Mid Rise 5 Floors ,New Construction,Residential Families 100 @ 60% AMI or less,Section 8 HAP Contract,9/1/2008 12:00:00 AM,20339500,,8/29/2023 12:00:00 AM,Sidney,38.9157539,-77.00531498,285896,9ddc3b15-fb45-44a5-a939-266fd28e8024,10/13/2022 8:33:29 PM,399539.25812866,138653.261680207
175,The Yards (Foundry Lofts),Ward 8,174,1917,"301 Tingey St SE,",Washington,DC,20003,Brookfield Properties,"France, Steven <steven.france@brookfieldpropertiesmultifamily.com>","Forest City / SEFC 160, LLC",,,Redeemed,Non Risk Share,2010,Mid Rise 4 Floors,Acquisition / Rehab / Construction,Residential Families 20% @ 50% AMI and 80% Market Rate ,,8/19/2010 12:00:00 AM,49690000,,8/15/2025 12:00:00 AM,Clarence,38.87469992,-77.00158226,307282,32ca7713-1a2c-4cbd-b4b4-f7605b21350e,10/13/2022 8:33:29 PM,399862.898020998,134095.933285764
176,The Yards D Building  (Twelve 12),Ward 8,45,2014,"1212 4th St SE, ",Washington,DC,20003,Brookfield Properties,"France, Steven <steven.france@brookfieldpropertiesmultifamily.com>",Forest City,,,Redeemed,Non Risk Share,2016,,New Construction,Residential Families 20% @ 50% AMI and 80% Market Rate ,,10/18/2012 12:00:00 AM,8500000,,10/15/2027 12:00:00 AM,Clarence,38.87574472,-77.00024166,309485,272a88b5-bf59-41a2-8059-71c7d6edfd28,10/13/2022 8:33:29 PM,399979.228375926,134211.912768678
177,The Yards Parcel L2 Project (The Estate) ,Ward 8,264,2019,"227 Water Street,  SE",washington,DC,20003,Brookfield Properties,"Samantha Martin , samantha.martin@brookfieldproperties.com","FC 227, LLC","Samantha Martin, samatha.martin@brookfieldproperties.com","CITIBANK, N.A.",Active,Non Risk Share,2019,High Rise,New Construction,Residential Families 20% @ 50% AMI and 80% Market Rate ,,,,,12/27/1914 12:00:00 AM,Clarence,38.87381522,-77.00229119,318653,44e35bf5-bee3-4c4d-bda4-fc7d2e5d5695,10/13/2022 8:33:29 PM,399801.378428009,133997.726263406
178,The Yards Parcel N Project (The Arris),Ward 8,327,2016,"1331 Fourth Street, SE",Washington,DC,20003,Brookfield Properties,"Ketan Patel, ketan.patel@brookfieldproperties.com","FC 1331, LLC : (FC 1331 Member, LLC & FC Cactus Residential Development Fund, LLC)","Samantha Martin, samatha.martin@brookfieldproperties.com",HARE & CO. FBO BANA,Active,Non Risk Share,2016,High Rise 11 Floors,New Construction,Residential Families 20% @ 50% AMI and 80% Market Rate ,,8/26/2014 12:00:00 AM,95000000,8/1/2047,8/22/2029 12:00:00 AM,Clarence,38.87428995,-77.00077303,310978,bcddf267-d5aa-446a-a854-ce871f2b991c,10/13/2022 8:33:29 PM,399933.118254122,134050.422634632
179,The Yards Parcel O2 Project (The Guild) ,Ward 8,191,2019,"401 Tingey Street, SE",Washington,DC,20003,Brookfield Properties,"Samantha Martin , samantha.martin@brookfieldproperties.com","FC 1346, LLC","Samantha Martin, samatha.martin@brookfieldproperties.com","CITIBANK, N.A.",Active,Non Risk Share,2019,High Rise,New Construction,Residential Families 20% @ 50% AMI and 80% Market Rate ,,4/7/2017 12:00:00 AM,55000000,4/1/2051,4/3/2032 12:00:00 AM,Clarence,38.8746996,-77.00011305,309407,332e5f65-4fb9-4005-b4ee-c38c7492068d,10/13/2022 8:33:29 PM,399990.388149121,134095.896576672
180,Triangle View for Seniors  (East Gate Seniors),Ward 7,100,2006,"3600 B Street, SE",Washington,DC,20019,Kettler,,Eastgate Family Rental Limited Partnership c/o A&R Development / Boston Capital Corporation,,,Redeemed,Non Risk Share,2006,,New Construction,Seniors 62+ 100 @ 60% AMI or less,,10/26/2005 12:00:00 AM,6400000,,10/22/2020 12:00:00 AM,,38.88810641,-76.95215226,301154,b8144925-3e61-4098-9fbd-297e7568c759,10/13/2022 8:33:29 PM,404151.386918423,135585.242574223
181,Trinity Plaza ,Ward 8,49,2013,"21 Atlantic St SW, ",Washington,DC,20032,Columbus Property Management,"Antionette Wilson, awilson@columbuspm.org, 202-294-4545",Trinity Plaza LLC, Cheryl Parker- Hamilton 202-347-2257,BANC OF AMERICA PUBLIC CAPITAL,Active,Non Risk Share,2005,Low Rise 4 Floors,New Construction,Residential Families 100 @ 60% AMI or less,,10/29/2013 12:00:00 AM,9000000,10/1/2050,10/25/2028 12:00:00 AM,Clarence,38.83164449,-77.0084316,52006,be33c6a7-6258-41f2-91b2-e206b2c9b68a,10/13/2022 8:33:29 PM,399268.107649961,129316.507404504
182,Trinity Towers***,Ward 1,122,1929,"3023 14th Street, NW",Washington,DC,20009,E & G,"Carlos Rios 571-488-6683, crios@eandggroup.com","Trinity Towers Apartments, LP ",Carlos Rios 571-488-6683,,Active,Risk Share ,,High Rise,Acquisition / Rehab,Residential Families 100 @ 60% AMI or less,,6/27/2002 12:00:00 AM,9200000,,6/23/2017 12:00:00 AM,Clarence,38.92814931,-77.03218685,284554,dbb14b91-04c1-4e32-8579-911525661dc3,10/13/2022 8:33:29 PM,397209.288769923,140029.735434587
183,Tyler House Apartments,Ward 6,284,1995,"1200 North Capitol Street, NW",Washington,DC,20002,SHNIR Apt. Mgmt,"Ido Roizman, 610-278-1733, ido@roizman.com","Roizman Development, Inc. ","Tyler Roizman, tyler@roizman.com",CEDE & CO,Active,Non Risk Share,2015,High Rise 8 Floors,Acquisition / Rehab,Residential Families 100 @ 60% AMI or less,HAP Contract,7/10/2013 12:00:00 AM,45760000,6/15/2031,7/6/2028 12:00:00 AM,Sidney,38.90639569,-77.00943379,237128,abc1a293-21f9-43f2-9e24-2f067400dd6b,10/13/2022 8:33:29 PM,399181.948231084,137614.452353947
184,Urban Village ,Ward 1,72,,"3403 16th Street, NW",Washington,DC,20010,"Eagle Point Management, LLC",Santiago DeAngulo,Somerset Development ,,,Redeemed,,,Low Rise 3 Floors ,Acquisition / Rehab,Residential Families 100 @ 60% AMI or less,,7/1/2003 12:00:00 AM,6325000,,6/27/2018 12:00:00 AM,Clarence,38.93403385,-77.03603426,284657,0183dc1f-b4d8-40d5-b5c4-553a067fa84f,10/13/2022 8:33:29 PM,396875.939210793,140683.094757554
185,Villages at Chesapeake (Southern Court),Ward 8,118,1973,"845 Southern Avenue, SE",Washington,DC,20032,Vesta,"Charlene Matthews, cmatthews@vestacorp.com",Vesta Corporation,"Katherine Arzt, karzt@vestacorp.com",CEDE & CO,Active,Non Risk Share,2010,Garden,Acquisition / Rehab / New Construction,Residential Families 100 @ 60% AMI or less,HCV,4/1/2010 12:00:00 AM,10960000,4/1/2042,3/28/2025 12:00:00 AM,Sidney,38.82816784,-76.99326809,288996,3254ea99-33b7-465d-91a2-6f925c6af364,10/13/2022 8:33:29 PM,400584.737694839,128930.563734818
186,Wah Luck,Ward 2,153,1982,"800 6th Street, NW",Washington,DC,20001,Arco Management,Fan Zhang 202-289-5338,"Wah Luck House Preservation LLC, ","Jeff Cordisco, jcordisco@nfahs.com",,Active,Non Risk Share,2017,High Rise 10 Floors,Acquisition / Rehab / New Construction,Residential Families 100 @ 60% AMI,HAP Contract,12/21/2017 12:00:00 AM,39000000,2/1/2020,12/17/2032 12:00:00 AM,Clarence,38.90022874,-77.02018939,279939,09c0840a-09eb-473c-b1bf-9b4842c309c7,10/13/2022 8:33:29 PM,398248.898352471,136930.022602368
187,Walbraff,Ward 1,28,,"3025 15th Street, NW",Washington,DC,20009,NMI Properties,Angela Ferguson aferguson@nmipm.com,,,,Redeemed,,1999,,,Residential Families 100 @ 60% AMI or less,,9/1/1999 12:00:00 AM,2000000,,8/28/2014 12:00:00 AM,,38.92781415,-77.03537445,234364,dca4b7a5-1dea-4bd3-a4ca-9aea63c35453,10/13/2022 8:33:29 PM,396932.878795072,139992.632091857
188,Wardman Court (Clifton Terrace),Ward 1,152,1918,"1312 Clifton Street, NW",Washington,DC,20009,Interstate Realty,"Andrew Brown, abrown@irm.themichelsorg.com, 202-518-3030",The Michaels Development Company ,"Michael Pilla, 856-810-5359",BANK OF AMERICA CAPITAL MARKETS SERVICING GROUP,Active,Non Risk Share,2001,Mid Rise 7 Floors,Acquisition / Rehab / New Construction,"Seniors, Residential Families 100 @ 60% or less",,12/30/1998 12:00:00 AM,12000000,,12/26/2013 12:00:00 AM,Clarence,38.92171095,-77.0308179,232075,b70b8350-7b22-4a0a-852e-7faa670cd703,10/13/2022 8:33:29 PM,397327.748598697,139314.981826785
189,Waterfront Station Apts ,Ward 6,449,2022,1000 4th Street SW,Washington ,DC,,Bozzuto Management Company,,AHC Inc. and Hoffman & Associates,,Fannie Mae/Merchants Bank(Perm)/ The Richman Group as (Investor),Under Construction,Non Risk Share,2022,High Rise 11 Floors,New Construction,"Residential Families 15% @ 30%, 15% @50% AMI & 70% Market Rate ",AHC  - Tenant Services/ ,10/8/2021 12:00:00 AM,15650000,,10/4/2036 12:00:00 AM,Sidney,38.87838266,-77.01708548,307103,6687a0b5-e850-4594-a2b1-133bf5121d1d,10/13/2022 8:33:29 PM,398517.688646461,134504.882753281
190,WDC -1 aka Villages of East River,Ward 7,202,1963,"305 37th Street, SE",Washington,DC,20019,,,WDC-1 Limited Partnership c/o Transom Development ,mphillbin@winnco.com,,Redeemed,Non Risk Share,,Garden,,Residential Families 100 @ 60% AMI or less,,11/19/2012 12:00:00 AM,4460000,,11/16/2027 12:00:00 AM,Sidney,38.88541816,-76.95333673,41307,beb3adce-783d-4921-8bed-40fd671fbc3d,10/13/2022 8:33:29 PM,404048.776849434,135286.772881729
191,Webster Gardens,Ward 4,52,1921,"126 Webster Street, NW",Washington,DC,20011,Habitat  America,Chandra Brown - manager353@habitatamerica.com,Somerset Development ,"Matt Allan , mallan@somersetdev.com",CEDE & CO,Active,Non Risk Share,2011,Garden,Acquisition / Rehab,Residential Families 100 @ 60% AMI or less,LRSP,4/14/2010 12:00:00 AM,6060000,4/1/2044,4/10/2025 12:00:00 AM,Sidney,38.94407227,-77.01302937,244504,b057f173-6b2b-4119-b7c6-de6b8c3b06b9,10/13/2022 8:33:29 PM,398870.678796038,141796.911616487
192,Wesley House,Ward 5,127,2008,"3400 Commodore Hoshua Barney Drive, NE",Washington,DC,20018,Fort Lincoln Realty,"Rita H Harris 240-627-9735, ritahharris@msn.com",Union Wesley Housing Development Corporation,"Rita H. Harris 240-627-9735, ritahharris@msn.com",,Active,Risk Share ,2008,Low Rise 4 Floors,New Construction,Seniors 62+ 100 @ 60% AMI or less,,12/14/2006 12:00:00 AM,9060000,,12/10/2021 12:00:00 AM,Sidney,38.92545865,-76.95562644,306501,801ae6b9-939e-4d50-b672-eb25c0db8fff,10/13/2022 8:33:29 PM,403847.95758089,139731.492195256
193,Wheeler Creek,Ward 8,112,1962,"900 Carney Street, SE",Washington,DC,20032,E & G,Stephanie Edlemen  sedelen@eandgroup.com,,,,Redeemed,,1998,,Acquisition / Rehab,,,12/30/1998 12:00:00 AM,12000000,,12/26/2013 12:00:00 AM,Clarence,38.83552739,-76.99173058,278744,dffc16aa-e1da-4206-8d4e-1257388c92f8,10/13/2022 8:33:29 PM,400718.167539427,129747.534182162
194,Wheeler Terrace,Ward 8,116,1956,"1217 Valley Avenue, SE",Washington,DC,20032,"Enterprise Residential, LLC",Nina Rochelle - Wheelerterrmgr@emcmgmt.com,"Wheeler Terrace Development, LP / The Wilkes Company / Quadrangle Development Company ",,UNION BANK OF CALIFORNIA NA,Active,Non Risk Share,2013,Garden,Acquisition / Rehab,Residential Families 100 @ 60% AMI or less,Section 8 HAP Contract,8/1/2008 12:00:00 AM,8160000,1/1/2050,7/29/2023 12:00:00 AM,Clarence,38.83728504,-76.98966726,71378,de11e31e-1f5c-4964-8a73-d86585750f1d,10/13/2022 8:33:29 PM,400897.287535849,129942.663526595
195,Whitelaw Hotel,Ward 1,35,1919,"1839 13th Street, NW",Washington,DC,20009,WC Smith,George Pollard  gpollard@wcsmith.com ,"Manna, Inc / Historic Whitelaw, LLC",,,Active,Non Risk Share ,2012,Mid Rise 5 Floors ,Acquisition / Rehab,Residential Families 100 @ 60% AMI or less,,11/19/2012 12:00:00 AM,4460000,,11/16/2027 12:00:00 AM,Clarence,38.91532904,-77.02926796,240853,eb1daeab-1732-432f-a484-f8e49b95b9e2,10/13/2022 8:33:29 PM,397461.928279835,138606.492216516
196,Woodberry Village ,Ward 8,190,1949/2001,"2224 Savannah Terrace SE, ",Washington,DC,20020,Capital Realty Group,"Samson Rosner, samson@thecapitalrealty.com",The Capital Realty Group,"Fraidy Perlstein 845-356-7773 ext 121, fraidy@thecapitalrealty.com",,Under Construction,Non Risk Share,2020,Garden,Acquisition / Rehab,Residential Families 100 @ 60% AMI or less,Section 8/ HAP ,3/31/2020 12:00:00 AM,21500000,,3/28/2035 12:00:00 AM,Clarence,38.84930544,-76.97350779,155345,1514cecc-773b-4f92-9e4a-e1704be3e020,10/13/2022 8:33:29 PM,402299.867249777,131277.293999124
197,Woodmont Crossing,Ward 8,176,2001,"2327 Good Hope Rd SE,",Washington,DC,20020,CIH,"Rhonda Page, Rpage@cihproperties.com; 202-678-7600","Woodmont Crossing Investor, LLC","Kevin P. O'Malley, komalley@cihproperties.com",,Active,Risk Share ,,Garden,Acquisition / Rehab,Residential Families 100 @ 60% AMI or less,Section 8/ HAP,2/15/2018 12:00:00 AM,25545000,3/1/2058,2/11/2033 12:00:00 AM,Clarence,38.86216343,-76.97194972,289820,0a716135-906e-477b-8259-2832e0e2bf4c,10/13/2022 8:33:29 PM,402434.677732923,132704.663114768
198,The Todd A. Lee Residences at Kennedy Street,4,38,2020,"809 Kennedy St NW, Washington, DC 20011",Washington,DC,20011,Faria Management,"Monique Lily-Moore 202-560-9175, monique@fariamanagement.com","Dantes Partners, Gilbane","Stephen Vassor, stephen@dantespartners.com",JPMORGAN CHASE BANK NA,Under Construction,Non Risk Share,2020,Mid Rise,New Construction,Seniors 55+,,2/14/2020 12:00:00 AM,8200000,,2/10/2035 12:00:00 AM,Sidney,38.95657102,-77.02468645,254492,883c24d9-7f10-4018-911d-3760637f1230,10/13/2022 8:33:29 PM,397859.911489161,143180.987904576
199,D Street Apts,7,31,,"338 58th St NE, Washington DC 20019",Washington,DC,20019,,,,,,Under Construction,Non Risk Share,2020,,Acquisition / Rehab,,,10/23/2020 12:00:00 AM,1300000,,10/20/2035 12:00:00 AM,,38.8942906414888,-76.9180273801358,35356,0afe8b93-ea9a-4f43-8dbe-86510f777925,10/13/2022 8:33:29 PM,407109.764320692,136277.02727801
200,S Street Village,Ward 2,90,,614 S STREET NW,Washington,DC,20001,,,,,,UC,R,,MR5,NC,Families,,,,,,,,,,d5ec2866-6f08-4764-b351-ca18db097c7e,5/8/2024 5:24:14 PM,398205.922474491,138449.444711845
201,1530 First Street,6,101,2024,1530 First Street,Washington,District of Columbia,20001,TM associates,Warren Dungee,,,,,,,,,,,,,,,,,,,f476bbd5-940e-48ab-aac3-7c5532089571,5/17/2024 4:41:12 PM,398980.880032763,133705.868330339
202,Banner Lane Apts aka Sursum Corda,6,562,2023,44 Banner Lane,Washington,District of Columbia,20001,Toll Brothers,,L&M Development,,Citibank,A,NR,,HR9,NC,"80% Market, 20% Affordable",,12/10/2020 4:21:56 PM,23000000,,12/10/2035 4:22:58 PM,Fredericka Earle,,,,2718a173-3d3a-4226-9ea6-e8abb4715f1c,5/20/2024 3:23:32 PM,399089.068323485,137401.168363776
203,Worthing Woods,8,394,,"4419 3rd Street, SE",Washington,District of Columbia,20032,Residential One,,Anacostia Economic Development Corporation,,JP Morgan Chase,UC,NR,2023,G,AR,Residential 60% AMI or Less,LRSP,,63150000,,,,,,,28f704be-bc00-40f0-8598-17466fa31455,6/7/2024 12:59:32 PM,399840.334864584,128626.116549433
204,Fort Totten Senior ,4,93,2023,"5543 South Dakota Ave, NE",Washington,District of Columbia,20011,SL Nusbaum Realty Co.,,Arlington Partnership for Affordable Housing (APAH),,Grandbridge Real Estate Capital,UC,NR,2023,LR3,NC,"Seniors 62+, 50% @50 & 50 @ 30% AMI",LRSP,,,,,,,,,1e54dac0-c8a5-4bbf-a492-ecf43e605ba0,6/7/2024 1:08:22 PM,399868.401522505,143184.571652426
205,EucKal Apartments Building 1,1,25,2023,1724 KALORAMA ROAD NORTHWEST,Washington,District of Columbia,20009,Jubilee Management,,"JUBILEE HOUSING, INC",,HUD 221 (D) 4 - Gershman Investment,UC,NR,2023,LR3,AR,Residential Families 68% @ 30% and 32% @ 50% AMI,,,31515000,,,,,,,a8b3aab7-35d3-4f85-88e0-21a21dc63b3d,6/7/2024 1:23:13 PM,396578.667398659,139214.968291088
206,EucKal Building 2,1,25,2023,"1460 Euclid Street, NW",Washington,District of Columbia,20009,Jubilee Management,,"Jubilee Housing, Inc.",,JP Morgan Chase,UC,NR,2023,LR3,AR,Residential Families 68% @ 30% and 32% @ 50% AMI,,,31515000,,,,,,,41529721-d499-4bfc-a534-e4c68fe9ccf7,6/7/2024 1:27:45 PM,397015.835311777,139497.221063755
207,3450 Eads,7,49,2023,3450 Eads Street NE,Washington,District of Columbia,20019,Residential One,,Neighborhood Development Company (NDC,Michaela Cancel,Bank of Ameica,UC,NR,2023,LR4,NC,"Residential 80,60,50, & 30% AMI",,,,,,,,,,2805d703-9e3e-4fce-9f5e-52e01c567db2,6/7/2024 1:39:03 PM,403836.336679173,136415.44519542
208,Alabama Avenue Apts,8,86,2023,"2481-2483 Alabama Avenue, SE , Washington, DC, 20020",W,District of Columbia,20020,Residential One,,"Durrani Development Corporation - Enterprise Community Development, Inc.",,"R4 Capital Funding, LLC",UC,NR,2023,MR4,NC,Residential Families - 70% at 50% AMI  10% at 60% AMI  20% at 30% AMI ,,,,,,,,,,eae139a0-f50d-42f1-bddf-97e7e3408520,6/7/2024 2:08:40 PM,402628.674384271,131989.319613186
209,EDGEWOOD 611/GARDENS APARTMENTS,5,300,,611/415 Edgewood Street,Washington,District of Columbia,20017,Enterprise Residential,,"ENTERPRISE COMMUNITY DEVELOPMENT, INC.",,"Bellwether Enterprise Real Estate Capital, LLC",UC,NR,2023,,R,Residential Families 75% @60% and 25% @ 80% AMI,Section 8 HAP Contract,,56660000,,,,,,,685989cd-88af-420e-bc77-a98c9d6e7cce,6/7/2024 2:55:11 PM,399990.169075042,139450.701240467
210,KENILWORTH 166,7,166,2023,4501 Quarles Street NE,Washington,District of Columbia,20019,Michaels Management Affordable (AKA Interstate Realty Management),,The Michaels Development Company The Warrenton Group District of Columbia Housing Authority,,GrandBridge Real Estate,UC,NR,2023,LR4,NC,Seniors 55+ -100 @ 50% AMI,"LRSP, PSH",,,,,,,,,4b0fd8b5-075d-4d88-808c-ff66db5cbe42,6/7/2024 3:02:31 PM,405567.528708837,138345.374012277
211,NorthWest Phase II,6,212,2023,33 K Street Northwest,Washington,District of Columbia,20001,Residential One,,"MidAtlantic Realty Partners (MRP) Taylor Adams Associates, LLC (TAA) CSG Urban Partners, LLC (CSG)",,JP Morgan Chase,UC,NR,2023,,,,,,,,,,,,,87511eec-7c57-4e7b-8499-5bec8323b332,6/11/2024 5:14:27 PM,399096.076935434,137229.429223142
212,Parcel 42,2,110,2023,"1707 7th Street, NW, Washington, DC, 20001",Washington,District of Columbia,20001,Faria Management,,Dantes Partner,Corey Powell,Wells Fargo,UC,NR,2024,HR11,NC,"Residential Families 30,40,60, and 80% AMI",,,,,,,,,,92c5554a-33be-42f6-a63d-ac8b9ae2f20d,6/11/2024 5:54:44 PM,398123.392170184,138331.26902083
213,Ridgecrest Village Apts,8,140,,"2000 Ridgecrest Court, SE",Washington,District of Columbia,20020,WC Smith,,NHP,,JP Morgan Chase,UC,NR,2023,G4,AR,"Residential Families 30%, 50%, 60%, and 80% AMI",LRSP,,,,,,,,,a09af2bf-a3ba-4274-89aa-e21c6386df59,6/11/2024 6:02:47 PM,402165.823044828,131118.686053487
214,The Residences at Southern Ave ,8,152,2023,"4656 Livingston Road, SE",Washington,District of Columbia,20032,Faria Management and Priority Life Care,,"Dantes Partners, Gilbane Development Company, The Carding Group, H Street CDC",,Piper Jaffray,UC,NR,2022,MR5,NC,"Seniors 60+, 100% @60% AMI",,,,,,,,,,2a2e16a6-fc84-4255-8a61-e1aaef5f6b50,6/11/2024 6:21:33 PM,399860.417565807,128273.448053386
215,Shepard Park Apts ,4,66,2023,7428 Georgia Ave ,Washington,District of Columbia,20012,Residential One,,Lock 7 Development,,JP Morgan Chase,UC,NR,New Construction,LR,NC,"Residential Families 30,50, & 60% AMI",,,,,,,,,,e0539901-97b3-4866-b3a3-b84a8bb5f9d6,6/11/2024 6:29:27 PM,397662.907403386,145855.468481066
216,The Paxton,7,148,2023,1611 Benning Road Northeast,Washington,District of Columbia,20002,TM Associates and Folger-Pratt,,Folger-Pratt,Bob Tegan,Capital One,UC,NR,2023,MR6,NC,Residential Families 90% @ 50% and 10% @ 30% AMI,"PSH, LRSP",,,,,,,,,5fb0be5e-3ccc-4191-b33f-8749b8521ae2,6/12/2024 2:24:53 AM,401637.741245052,136834.335496737
